cgpa,iq,internship,projects,dsa_rating,placement
8.27,119,0,4,1659,0
6.64,86,0,2,980,0
8.81,124,0,3,1230,0
8.14,130,0,2,1625,1
7.11,122,0,2,1202,0
6.48,93,0,4,793,0
5.17,109,0,4,857,0
7.37,111,0,3,1621,1
6.68,109,0,1,1175,1
6.13,88,0,2,756,0
6.64,112,0,1,799,0
7.72,117,0,3,1612,0
8.98,93,1,7,2141,1
6.23,143,0,2,1259,0
8.76,121,0,4,1637,1
6.27,110,0,1,1395,0
7.89,118,0,5,1441,1
6.87,80,0,1,1464,0
7.86,80,1,5,1305,1
7.56,111,0,3,1373,1
7.0,118,0,4,1212,1
6.86,96,0,3,1477,1
7.67,105,0,1,1405,0
8.86,119,0,5,1857,1
6.59,117,0,2,1360,0
8.57,94,1,6,2120,1
8.18,83,1,6,1453,0
8.36,90,0,0,1031,0
8.62,122,0,4,1823,1
8.67,105,1,8,1934,1
6.59,95,0,2,1354,0
7.76,127,0,2,1392,1
6.89,91,0,3,895,0
6.26,104,0,3,1417,0
6.45,80,0,1,1388,0
7.48,99,0,7,1596,0
6.52,104,0,4,1468,1
7.75,95,1,3,1311,1
6.78,112,1,2,724,0
6.48,109,0,3,1151,0
5.81,93,0,4,1030,0
8.81,99,1,7,1203,1
8.88,83,0,8,1783,1
9.27,112,0,6,1386,1
7.93,126,1,7,1576,1
6.06,104,0,2,1316,0
8.1,109,0,0,1012,0
9.15,102,0,4,1681,1
8.69,112,0,3,1882,1
9.5,107,0,4,1349,1
10,101,1,7,2387,1
9.19,122,1,4,1661,1
7.0,103,0,4,1022,0
8.34,90,1,7,1983,1
7.04,105,0,1,1169,1
6.68,95,0,2,1317,1
7.64,98,0,3,1120,1
6.47,107,1,2,1301,0
6.87,110,0,4,1238,1
7.98,105,0,3,1237,0
9.03,93,0,3,1579,0
8.12,107,0,3,1278,1
7.6,92,0,4,1470,1
8.75,117,0,4,1562,1
7.25,107,1,4,1719,1
7.02,87,0,2,1374,1
8.04,128,0,5,1359,1
8.18,107,0,7,1642,1
7.36,131,1,5,1289,1
7.73,128,0,4,1473,1
8.41,117,0,3,1734,1
10,112,0,6,1716,1
6.86,101,0,1,1113,0
7.25,119,0,1,791,1
6.47,96,1,6,1351,1
8.75,127,1,6,1967,1
6.49,104,0,3,1228,1
8.58,104,1,5,1448,1
7.9,118,0,4,1487,0
6.6,106,1,6,1538,0
7.71,100,1,4,1666,1
7.35,121,0,1,629,0
9.19,124,0,6,2019,1
6.99,102,0,2,1887,1
8.91,95,1,7,1917,1
6.15,124,0,5,879,0
8.75,99,1,4,1441,1
8.94,101,1,5,1710,0
6.49,102,0,1,1142,1
7.69,112,0,3,1814,1
7.0,103,0,2,992,0
7.56,102,0,2,1047,0
5.81,117,0,2,1000,1
7.07,100,1,4,1372,1
8.74,111,0,5,1861,1
7.79,102,1,5,1564,1
7.26,133,0,3,1391,0
7.03,113,0,1,1803,0
6.74,82,0,6,1233,0
7.11,113,0,3,1645,1
7.74,105,0,1,1196,1
7.11,97,0,4,1595,1
7.11,100,1,2,1292,1
8.82,118,0,5,2184,1
7.9,93,0,2,1645,1
7.44,124,0,2,1046,0
6.18,96,0,3,1338,0
6.05,101,0,4,1113,0
7.45,123,0,1,1229,0
7.74,102,1,6,1591,1
8.73,108,1,5,1790,1
7.93,104,1,2,1262,1
8.08,124,1,4,1194,0
6.39,103,1,3,924,0
6.77,100,0,2,943,0
7.05,126,1,4,1088,1
6.57,119,1,6,1501,1
8.12,127,0,3,1667,1
8.54,103,0,3,1659,0
7.9,131,0,2,998,0
8.12,109,1,2,1562,1
7.66,113,1,5,1266,0
6.67,97,0,3,1260,0
7.88,113,0,4,1195,0
8.05,117,1,5,1539,1
7.38,113,0,3,1613,1
5.76,111,0,2,1029,0
6.21,102,0,3,1174,0
7.74,86,0,1,1484,0
6.75,125,0,0,924,0
8.74,112,0,4,1110,1
9.64,95,0,5,1652,1
8.58,98,1,7,1663,1
6.53,94,1,4,1428,0
6.28,98,0,1,1183,0
8.54,89,0,4,2053,1
7.02,117,0,2,1196,1
7.79,99,0,0,1527,1
6.79,100,1,8,2189,1
6.43,88,0,1,1380,1
7.51,96,0,4,1170,1
6.96,82,1,0,1435,0
7.87,94,0,3,1862,1
6.38,106,1,2,1200,1
8.29,117,1,8,2220,1
8.5,110,1,6,2019,1
6.5,110,0,4,1496,0
6.49,99,0,3,611,0
6.81,99,0,4,1269,1
6.77,135,1,2,1725,0
7.53,114,0,4,1514,0
9.94,123,1,3,2133,0
10,110,1,6,2220,1
7.15,89,1,3,1092,0
7.27,103,0,4,1953,0
6.99,84,0,2,1272,0
8.68,114,0,3,1589,0
6.39,107,0,4,1497,0
8.59,123,0,2,1786,0
5.97,104,0,4,879,1
6.72,117,1,2,975,1
7.19,102,0,0,1079,1
7.35,113,1,4,1673,1
8.47,102,0,7,1816,1
7.56,95,0,4,1220,1
6.36,105,1,3,1223,1
7.11,117,0,1,658,0
7.08,91,0,3,1293,0
6.9,113,0,1,1325,1
7.46,137,1,1,1344,1
9.78,111,1,6,1651,1
7.52,99,1,4,1087,0
8.26,116,0,5,1469,1
7.82,124,0,3,1287,1
8.0,108,1,6,1822,1
8.67,81,1,3,1568,1
7.75,84,0,4,1485,0
7.41,101,0,2,1405,0
9.02,80,0,3,1749,1
7.02,121,0,1,1501,0
6.98,117,0,0,1511,0
6.99,111,0,1,1003,0
8.06,113,0,2,1041,0
8.07,107,0,2,1430,1
5.25,82,1,4,938,1
6.83,107,1,3,601,0
6.85,90,0,8,1870,1
9.4,106,1,6,2005,1
7.57,127,0,0,906,0
8.33,80,0,4,1506,1
9.02,123,0,6,1970,1
7.69,112,0,4,1135,1
7.37,115,0,2,1484,1
8.21,124,0,5,1778,1
8.83,117,0,5,1670,1
5.43,104,0,2,652,0
5.75,101,0,2,1034,1
6.26,103,0,3,852,1
6.87,106,0,4,587,0
8.66,114,0,5,1844,1
7.16,80,1,4,1881,0
7.2,80,0,3,1130,1
7.19,116,0,2,1593,1
9.08,110,0,4,1987,1
7.35,127,0,4,870,1
7.55,104,0,1,755,1
6.62,114,0,3,1475,1
5.95,92,1,3,1378,1
6.31,119,0,3,1303,0
8.55,130,1,4,1905,1
8.28,103,0,5,1724,0
8.71,100,1,5,1478,1
7.42,138,0,3,1379,0
6.83,106,0,2,1199,0
8.72,101,0,5,1969,1
8.04,121,0,5,1528,1
6.35,111,0,2,1248,0
8.43,90,1,6,1307,1
7.45,96,0,4,1365,1
8.09,89,1,4,1652,1
6.58,116,0,4,1671,0
8.03,116,0,5,1517,0
8.56,124,0,4,1874,1
8.27,99,1,4,1665,1
7.85,86,0,6,1595,0
7.85,107,0,4,1236,1
7.25,80,1,4,1211,0
6.7,127,1,5,1210,0
5.62,99,0,4,868,0
5.87,80,1,5,656,0
6.83,80,0,3,1281,0
8.32,108,1,7,1674,1
7.35,80,0,6,1331,0
7.03,107,0,1,1355,1
6.91,101,0,1,1216,1
7.36,115,0,3,1322,0
8.57,106,0,2,1459,1
8.1,99,1,6,1978,0
7.18,97,0,3,1594,0
8.18,119,0,5,1749,1
8.63,116,0,4,1674,1
8.48,96,0,1,1126,1
7.84,87,1,7,1906,1
6.22,120,0,2,1168,1
5.7,94,0,0,1116,0
7.29,99,1,5,1701,1
7.23,116,1,5,1421,1
6.32,133,1,3,967,0
7.76,93,1,3,1439,0
8.71,109,0,3,1767,1
7.27,109,0,2,1566,1
6.55,98,0,0,1323,0
7.2,112,0,2,1542,1
7.85,121,1,4,1607,1
7.66,114,1,4,1526,1
7.18,80,0,2,1132,1
8.32,102,0,2,1173,1
7.4,135,1,3,1614,1
8.05,116,1,3,1600,0
7.62,106,0,4,1457,1
5.4,137,0,4,839,0
7.81,107,1,7,2138,1
6.55,106,0,4,668,0
6.82,120,0,1,1295,0
6.83,121,0,5,1546,1
7.05,104,1,3,1621,1
6.74,97,0,1,695,0
6.79,80,0,0,1386,1
7.01,108,0,0,992,0
8.45,105,0,4,2264,1
6.57,111,0,4,1177,0
7.95,91,1,4,1687,1
7.2,105,0,3,1767,1
9.12,116,1,3,1831,1
6.9,115,0,3,1449,0
7.41,83,0,1,1197,0
7.23,80,0,1,1124,0
6.74,93,0,1,1113,0
7.3,108,0,5,1565,1
8.39,112,0,6,1797,1
7.97,87,0,3,1172,1
6.28,112,0,3,1000,1
7.3,116,0,1,872,1
7.9,102,0,2,1304,0
8.1,115,0,2,1170,0
7.98,120,1,1,1497,0
7.33,90,0,3,1473,0
7.26,89,1,4,1402,0
7.01,112,0,4,1281,1
8.48,91,0,4,1844,1
7.07,110,0,3,1488,0
6.4,122,0,3,940,1
7.01,118,0,1,943,0
5.72,97,1,2,1088,1
7.86,104,0,4,1761,1
7.7,92,0,0,1251,0
6.29,109,0,2,722,1
7.27,110,0,5,1902,0
6.41,122,0,2,1352,0
6.88,140,1,5,1539,1
6.84,102,0,4,1083,0
7.83,108,1,4,1792,1
8.65,99,0,5,1553,1
5.32,85,1,2,953,0
8.71,124,1,5,1726,1
6.85,81,0,0,626,0
7.96,99,0,5,1707,0
7.72,99,1,5,1855,1
9.5,84,0,4,1779,1
7.05,101,0,1,1335,1
6.95,105,0,0,1253,0
6.57,83,0,1,1271,0
7.17,114,0,4,1382,0
8.28,95,1,4,1649,1
7.68,94,0,3,1137,0
7.2,99,0,3,1445,1
7.85,122,0,4,1489,1
6.38,130,0,2,985,1
7.78,109,0,4,1438,1
6.36,100,0,3,1014,1
7.51,99,0,1,1272,1
7.13,114,0,2,1481,1
7.57,80,1,4,1440,1
7.72,92,0,1,1307,1
6.74,123,0,3,1330,0
7.38,109,0,2,1883,1
7.16,97,1,3,1320,0
5.87,113,0,2,811,0
6.01,102,0,3,616,0
8.66,136,1,7,1148,1
9.44,106,1,5,2152,0
7.48,83,0,2,882,0
5.73,92,1,3,943,0
6.87,123,0,4,1042,1
6.88,99,1,3,1402,1
5.99,120,0,1,1385,0
7.21,120,0,3,1400,0
7.69,107,0,3,827,0
6.53,93,0,2,1036,0
7.4,97,0,3,1848,0
7.48,96,0,2,1260,0
6.78,114,0,3,1272,0
6.75,114,1,5,1458,1
8.33,92,1,5,1614,1
7.31,103,0,4,1195,1
8.56,107,0,4,1487,0
7.52,106,0,4,1618,1
8.6,112,0,3,1316,1
7.95,112,1,7,1737,1
8.05,103,0,3,1473,1
5.4,130,0,0,500,0
8.04,89,0,4,1304,1
6.77,138,1,5,781,0
8.76,102,0,5,2120,1
8.15,103,1,6,2156,1
7.7,80,1,5,1431,1
8.45,119,1,6,1837,1
9.0,114,0,5,1501,0
6.44,93,1,4,1125,1
8.19,80,1,7,1740,1
6.66,118,0,1,1233,1
8.17,105,0,4,1369,0
6.87,97,0,4,1517,0
7.81,116,1,3,1545,1
6.73,85,0,3,1164,0
7.14,105,0,0,1152,1
5.27,110,0,1,615,0
8.62,119,0,6,1930,1
6.35,96,0,3,1072,1
6.42,120,0,3,1199,1
6.48,109,0,2,1198,0
8.17,110,1,7,2015,1
6.09,97,0,0,1418,0
6.37,120,0,3,1342,0
7.84,115,0,1,1554,0
8.54,127,0,3,2058,0
7.61,117,0,3,1839,0
7.97,103,1,3,1651,0
6.61,103,0,2,1011,0
7.32,126,1,3,1412,1
6.63,80,0,0,1120,0
9.55,125,0,5,1626,1
7.43,96,0,2,1483,1
5.75,87,0,4,887,0
6.85,87,0,4,1303,1
8.74,124,1,6,1765,1
8.0,108,1,2,1486,1
7.55,128,0,5,1206,0
6.88,93,0,3,966,0
6.85,80,0,1,1371,0
7.39,104,1,2,1317,1
6.62,121,0,3,947,0
5.22,98,0,2,1032,0
7.87,95,0,3,997,0
6.24,118,0,2,500,1
9.02,123,0,4,1867,1
5.51,138,0,5,1011,0
7.02,93,0,3,1321,0
8.05,94,1,6,2119,1
5.5,127,0,2,1099,0
6.68,109,0,2,1081,0
7.46,80,0,2,1564,0
8.24,130,1,7,2148,0
7.4,129,0,4,1550,1
6.48,114,1,2,938,1
7.45,95,1,1,1263,1
7.13,95,1,4,1584,1
8.95,109,0,2,1813,1
8.1,86,1,6,1938,1
6.78,113,1,4,1517,1
7.69,80,0,3,1787,1
8.1,133,0,3,1549,0
8.15,138,1,5,1670,1
9.03,105,0,5,2139,1
8.43,119,1,5,1493,1
6.51,116,0,5,1276,0
8.44,100,1,3,1943,1
8.45,115,0,3,1498,0
7.48,95,1,5,1846,1
6.49,104,0,3,1183,1
7.2,106,0,0,1358,0
7.24,110,0,3,1109,1
5.86,105,0,3,887,1
6.64,121,0,2,1341,0
7.66,117,0,3,835,0
7.17,97,0,4,1485,1
8.31,104,0,3,1804,1
6.72,94,1,4,1000,1
8.19,126,1,2,2250,1
7.48,113,0,2,1415,1
8.92,123,1,8,2107,1
6.69,90,0,0,1975,0
7.18,90,0,3,795,0
5.51,83,1,6,1397,1
6.39,86,0,2,1259,1
8.07,91,0,5,1591,0
6.89,107,1,4,1136,0
7.05,117,0,2,1032,0
7.58,116,0,3,1383,0
6.31,116,0,1,656,1
7.87,105,1,2,1807,0
7.54,104,0,2,1296,0
6.66,113,0,3,764,0
5.7,111,0,2,881,0
7.63,113,0,1,1322,1
8.37,102,0,2,1521,0
7.61,83,0,4,789,1
7.06,100,1,4,1555,0
6.79,90,0,3,1011,1
8.08,99,1,6,1779,1
7.73,85,0,2,1055,1
8.55,80,0,3,1875,1
7.17,98,0,4,1544,1
6.38,90,0,5,1129,1
7.82,101,0,6,1384,1
7.38,83,1,2,1372,1
8.01,133,1,5,2156,1
6.42,89,1,6,1192,0
9.39,96,0,6,1621,1
7.65,127,1,2,1387,1
6.45,96,1,3,1222,1
7.82,108,0,1,960,1
7.65,104,1,6,1327,1
6.97,87,0,2,1074,0
8.0,99,0,2,1361,0
7.58,88,1,5,1325,1
8.7,109,0,4,1663,1
6.9,119,0,4,985,0
5.89,99,0,4,692,0
9.44,97,0,6,2003,1
7.34,113,1,1,1263,1
6.64,80,0,3,1115,1
6.76,107,0,2,1223,0
8.07,118,0,3,1802,0
7.56,88,0,2,1151,0
8.12,130,0,5,1881,1
8.29,117,1,3,1394,1
6.68,114,0,4,880,1
6.73,105,0,1,1030,0
7.34,117,0,1,1039,1
6.81,111,0,0,971,0
5.97,121,0,2,998,1
6.41,108,0,0,1351,0
8.76,80,1,6,1461,1
6.79,109,0,3,906,0
7.27,82,1,5,1518,0
5.6,112,0,3,1422,1
8.85,117,1,4,1477,1
9.02,114,1,2,1649,1
6.92,126,0,1,1376,1
6.99,109,0,2,1208,0
6.39,133,0,2,917,0
6.49,112,0,3,969,1
7.23,97,0,4,970,1
10,130,0,4,1799,1
7.78,134,1,5,1303,1
9.92,118,1,7,2400,1
7.77,100,1,5,1584,1
5,103,0,2,858,0
6.56,120,0,4,1324,1
8.19,123,0,3,1689,1
7.07,80,0,2,1027,0
6.8,119,0,3,1251,0
9.11,89,0,5,1648,1
6.54,110,0,2,1173,1
5.43,88,0,4,657,0
7.64,114,0,5,1608,0
6.74,80,1,2,1023,1
6.33,110,0,3,1018,0
8.01,127,0,4,1316,0
7.7,119,0,3,1623,0
7.39,110,0,3,1468,0
7.51,108,0,5,1523,1
7.14,112,0,3,1734,0
7.16,115,0,1,1097,1
7.06,109,1,5,1199,1
7.82,87,0,2,1363,1
6.97,94,1,4,1841,1
9.01,124,1,4,1585,1
6.69,143,0,2,1118,0
5.87,115,0,2,1096,1
8.19,117,0,2,1641,1
7.46,106,0,2,1471,1
7.92,103,1,3,1564,1
7.42,104,0,3,1417,0
8.04,105,1,4,1466,1
5.7,85,0,5,921,0
6.02,84,0,3,1145,0
6.42,119,0,5,1658,0
7.18,122,0,2,1372,0
7.49,101,0,3,1717,0
9.48,118,0,3,1892,1
8.56,110,0,3,1628,1
8.02,125,0,3,1408,1
8.69,115,0,4,1308,1
7.42,108,0,2,1699,0
7.98,118,0,1,1459,0
6.21,95,1,6,1600,0
6.61,88,0,0,978,0
8.48,117,1,6,1404,1
7.11,108,0,4,1662,0
6.85,106,0,6,1298,1
6.02,140,0,3,1478,0
6.32,117,0,4,1012,0
6.47,121,0,2,991,1
8.32,136,0,4,1407,1
7.4,114,0,4,1136,0
8.56,95,0,4,1724,0
7.19,123,0,3,1358,1
6.68,103,0,5,1329,1
6.1,83,0,3,616,0
7.02,108,0,3,1170,0
6.89,89,1,5,1781,1
8.42,111,0,6,1382,1
6.93,110,0,2,984,0
6.3,117,0,5,1238,0
7.85,89,0,4,1553,0
6.52,102,0,2,985,0
6.7,121,0,2,764,0
7.71,122,0,4,1351,0
7.25,95,0,2,1504,0
5,102,0,4,1128,1
6.8,108,0,0,1643,0
8.11,88,0,2,1469,1
5.48,80,0,1,1041,0
7.14,109,0,2,1660,1
6.99,131,0,3,1271,0
7.25,91,0,2,1072,1
6.92,104,0,4,1225,1
7.63,99,0,1,1069,0
7.19,95,1,3,1555,0
7.51,105,0,2,1671,1
9.29,112,0,8,1676,1
7.24,114,0,2,1301,0
6.49,85,0,4,1390,0
7.89,103,1,4,1708,1
8.02,112,0,1,1427,1
7.96,122,0,2,1790,1
6.6,132,1,3,1184,0
6.05,86,0,1,707,0
7.44,138,0,5,1455,0
5.85,123,0,4,1718,0
7.74,111,1,6,1780,1
8.0,104,0,8,1371,1
7.68,111,0,3,986,1
7.61,88,1,2,1521,1
8.54,114,0,6,1914,1
7.82,100,0,5,1571,1
8.21,101,0,5,1469,1
7.12,110,1,5,2104,1
7.59,115,0,5,1550,1
7.85,125,0,3,1409,0
7.73,107,0,1,1183,0
8.8,125,1,5,1787,1
9.37,105,1,5,1792,1
6.43,98,0,0,1360,1
7.95,117,1,7,1595,1
8.25,135,0,5,1396,0
7.9,123,0,2,1393,1
7.48,117,0,4,1465,1
6.34,107,0,3,1352,1
7.78,93,0,3,1529,1
6.24,87,0,3,641,1
9.08,80,1,5,1700,0
8.28,88,1,5,2103,1
8.44,102,1,7,2025,1
5.63,119,1,4,1588,1
6.84,110,0,2,1394,0
6.58,92,0,3,903,0
7.94,139,0,3,1607,1
5.98,94,0,2,874,0
6.96,109,0,4,1399,0
8.04,118,0,5,1476,1
6.83,109,0,6,1108,1
6.08,127,1,3,1270,0
6.73,102,0,1,754,1
7.98,80,0,5,1274,1
7.87,95,0,2,1405,1
6.95,112,0,3,1134,1
9.0,117,0,3,1710,0
8.01,91,1,3,1162,1
7.67,105,0,3,1304,1
7.17,126,0,4,1159,1
8.46,98,0,5,1651,1
9.98,107,0,4,1742,1
6.85,121,0,2,1201,1
7.62,91,0,3,1497,1
6.66,116,0,2,1278,1
8.17,122,1,3,1638,1
7.21,80,0,2,1520,0
7.55,95,0,4,1041,0
6.91,104,0,3,954,0
7.21,105,0,4,1550,1
6.67,113,0,4,1439,1
7.29,110,0,3,1413,0
7.2,110,0,5,1350,1
7.19,107,0,3,959,1
8.18,116,0,3,839,1
6.55,100,0,2,1184,0
6.63,116,0,2,983,0
7.44,102,1,5,1656,1
8.36,113,0,4,1583,0
7.55,104,0,4,1725,1
5.55,94,0,2,806,0
9.59,104,0,5,1855,1
7.21,120,0,4,1135,0
6.47,93,0,1,843,0
6.79,120,0,1,917,0
6.78,98,0,7,1259,1
8.5,108,1,1,1442,1
7.64,114,0,7,1472,1
5.69,119,0,4,1567,1
6.96,128,1,5,1680,1
7.56,98,0,3,1227,0
8.07,116,0,3,1774,1
7.89,93,1,1,1005,0
7.8,105,0,2,1398,1
6.26,102,0,2,1059,0
10,107,1,7,2244,1
8.35,117,0,0,1228,0
7.99,141,0,5,1874,0
9.22,110,0,5,1676,1
7.65,102,0,3,1469,1
6.01,96,0,2,1082,0
9.18,120,0,4,1915,1
10,95,0,7,1857,1
7.16,107,1,3,1509,1
6.49,101,0,0,1142,0
7.54,125,0,4,1452,1
7.01,94,1,3,1406,0
8.6,107,1,8,1889,1
6.59,97,0,2,1649,1
7.46,94,0,3,1353,0
8.7,121,0,4,1847,1
6.14,85,0,5,1122,0
6.74,116,0,0,938,0
7.77,112,0,1,947,0
7.38,123,1,3,1003,1
5.6,126,0,4,1573,0
8.83,113,1,8,1911,1
6.95,104,1,3,1363,0
6.4,112,0,3,1295,1
7.71,80,1,6,1573,1
8.34,123,1,2,1579,0
6.08,113,0,3,1044,1
7.46,80,0,3,1542,0
5,96,0,1,614,0
6.05,123,0,4,799,1
8.83,121,1,6,2286,1
7.96,96,0,6,1877,0
7.54,80,0,2,1423,0
6.73,80,0,2,1008,0
7.3,81,0,3,882,0
7.87,116,0,4,1304,0
6.11,107,0,3,500,0
7.96,97,1,2,1472,1
7.47,101,0,2,1218,0
6.96,100,0,0,1297,1
7.93,118,1,4,1237,1
7.54,80,1,3,1839,1
7.63,121,1,3,1602,1
9.16,114,1,3,1396,1
5.76,120,0,1,808,0
8.29,109,0,5,1242,0
9.04,98,0,5,1277,1
8.89,93,0,3,1451,1
7.87,114,0,4,1680,1
7.83,127,1,3,1552,1
7.57,118,0,3,1176,1
7.03,107,1,3,1678,0
8.84,120,0,2,1502,1
7.97,123,0,5,1343,1
7.44,103,0,3,1436,0
7.02,108,0,3,1347,1
5.68,97,0,5,521,0
6.62,111,0,6,1004,0
6.83,114,0,3,1223,0
10,109,0,5,2322,1
6.67,119,0,4,1077,1
6.34,111,0,0,945,0
6.93,100,0,4,810,0
7.37,113,1,3,1181,1
7.22,93,0,2,1119,1
8.71,103,1,4,1912,1
6.38,88,0,4,1281,0
8.77,117,1,6,1888,1
8.22,133,0,4,1477,1
6.9,98,0,4,1352,1
6.47,103,1,5,1671,0
5.04,92,0,3,1060,0
6.69,120,0,4,1170,1
8.45,115,0,3,1015,1
7.24,116,0,4,1300,1
7.67,125,0,0,1268,1
6.15,88,0,3,1148,0
6.58,94,0,3,1074,0
7.98,99,0,1,1825,1
8.44,103,0,2,1745,1
8.33,82,0,3,1347,1
7.49,103,0,4,1638,1
8.25,124,1,5,1717,1
6.16,118,0,2,1347,0
7.87,120,0,3,1515,0
6.4,106,0,2,1189,1
6.73,131,0,0,685,1
6.58,97,0,4,1054,0
7.92,145,1,6,1720,1
8.9,111,0,3,1458,1
6.98,80,0,0,896,0
6.89,108,0,5,1485,1
5.35,131,0,1,952,0
6.27,104,0,1,1222,1
8.38,89,0,4,1560,1
8.08,106,1,5,1677,0
9.0,113,0,3,1403,1
7.42,115,0,3,1430,1
8.41,106,1,5,1315,0
5.55,113,0,5,1265,0
9.24,110,1,5,1988,1
7.66,115,0,5,1174,1
7.99,119,1,4,1652,1
8.04,121,1,6,1498,1
8.11,102,1,6,1661,1
6.96,104,0,4,1164,1
5.95,115,0,1,1392,0
7.56,110,0,1,1464,0
9.25,95,1,3,1817,0
6.71,106,0,4,1513,1
5.93,86,0,3,806,1
6.72,96,0,2,780,0
6.69,96,0,2,1018,1
8.6,100,0,5,1847,1
8.05,100,1,7,2103,1
6.71,88,0,4,1434,1
8.02,119,0,2,882,0
8.43,80,0,4,1294,0
6.87,99,1,2,1314,1
5.85,142,1,5,780,0
7.43,101,1,8,1863,1
7.63,100,0,6,1569,0
6.9,112,0,3,1137,1
5.87,118,0,3,1099,1
7.13,120,0,1,1325,0
6.87,108,0,1,1340,0
7.4,113,0,2,1616,0
7.96,119,1,3,1881,1
7.29,96,1,5,1675,1
5.76,127,0,3,1015,1
7.78,110,1,5,2053,0
6.87,106,0,4,1338,0
7.09,101,0,2,1291,1
7.88,145,0,4,1301,1
8.35,125,1,5,1375,0
9.56,91,0,6,1840,1
7.77,107,0,3,1362,1
7.62,116,1,4,1193,1
5,145,0,1,782,0
6.58,102,0,5,1641,1
6.57,128,0,0,600,1
7.36,101,1,1,893,0
6.43,93,1,4,1189,1
7.31,96,1,2,1122,1
9.17,115,1,6,1769,1
8.68,116,0,7,1728,1
7.82,99,0,2,1386,1
6.66,104,0,2,1314,0
6.86,110,0,2,1080,0
6.63,80,0,1,1576,1
9.23,110,0,2,1598,0
9.54,104,0,4,1835,1
5.95,85,0,2,578,0
6.4,101,0,5,1255,1
7.06,104,1,5,1409,1
7.37,139,0,3,1602,1
8.47,105,0,0,1368,1
6.98,101,1,2,1239,1
6.86,124,0,3,940,0
7.56,104,0,5,1451,0
6.4,100,0,3,1192,0
7.1,108,0,6,1844,1
8.28,94,1,3,1263,1
7.16,127,0,4,1384,0
8.15,102,0,5,1939,0
7.4,110,1,6,1247,0
8.97,110,1,5,1894,1
6.46,110,0,2,1834,1
8.92,109,0,6,1554,1
8.23,128,0,3,1797,0
8.7,108,0,5,1506,1
6.24,84,0,3,1553,0
7.07,122,0,5,1419,1
6.4,98,0,3,1572,0
7.3,96,0,3,1431,0
6.04,117,0,4,1243,1
6.68,103,0,3,797,0
8.87,122,1,2,1621,1
6.46,124,0,0,930,0
8.53,117,0,5,1384,0
8.45,115,1,3,1901,1
6.18,97,0,4,1584,0
7.43,103,1,5,1399,0
6.94,95,0,1,1490,0
6.77,95,0,2,1036,0
7.98,106,0,2,1577,1
8.34,103,0,0,1580,0
8.28,130,1,7,1450,0
8.03,130,0,4,1122,0
8.08,98,0,4,1918,0
7.4,105,1,6,1700,0
5.06,91,1,6,1057,1
7.64,98,1,1,1251,0
6.41,116,0,4,1208,1
5.64,119,0,3,1489,0
6.81,142,0,1,1826,1
6.84,87,1,4,1133,1
8.83,107,1,3,1631,1
7.78,122,1,4,1531,1
5.97,132,0,5,649,0
8.39,101,1,7,1779,1
8.58,100,1,3,1594,1
5.53,111,0,4,783,1
7.15,113,0,1,1133,1
8.44,114,0,2,1452,1
6.26,103,0,5,1573,1
7.77,105,0,4,1529,1
7.18,94,0,4,1416,1
8.7,113,0,2,1577,1
7.47,136,0,4,1176,1
7.51,124,0,4,1419,1
8.34,83,0,5,1602,1
7.54,92,1,4,1307,1
8.71,107,0,4,1622,1
8.32,87,0,5,2144,0
6.01,112,0,3,1016,0
7.53,98,0,1,816,1
8.84,145,0,5,1783,1
6.09,130,0,2,1139,0
7.88,110,1,4,1660,1
7.48,114,0,0,1315,0
5.84,113,0,5,1004,0
7.06,131,0,3,1437,1
7.95,112,0,2,1639,1
8.55,83,0,4,1770,0
7.28,110,0,1,1133,0
6.71,113,0,2,1297,1
7.79,117,0,2,1166,1
8.33,113,0,1,1446,1
8.34,120,0,4,1723,0
7.69,125,0,4,1495,0
8.26,104,0,6,1846,1
5.92,107,0,3,1270,1
6.51,129,0,1,1265,1
8.03,126,0,4,1358,1
8.46,112,0,3,1174,1
6.82,97,0,3,715,0
8.09,103,0,6,1409,1
6.31,80,0,2,1055,0
6.93,106,0,3,857,1
7.62,103,1,4,1322,0
6.06,109,0,4,895,0
8.01,100,0,2,1602,1
7.29,104,0,3,941,1
6.6,99,0,0,1000,0
5.93,112,0,1,833,0
6.32,93,1,4,936,1
7.89,103,0,5,1443,1
6.68,128,1,1,1289,1
7.48,109,0,2,1795,1
6.22,121,0,2,1201,0
7.9,100,0,2,1754,1
7.74,109,1,4,1280,1
6.94,102,0,3,996,1
7.34,103,0,7,1848,1
7.21,105,0,3,1418,0
5.79,105,0,3,818,0
7.52,99,1,4,959,0
6.89,89,0,2,1539,1
5.93,133,0,3,938,0
9.75,109,0,3,1785,1
8.54,115,0,5,1894,1
5.99,107,0,2,1204,0
7.06,102,0,3,1245,0
8.28,100,0,4,1277,1
5.64,92,1,5,1666,0
7.79,97,1,4,1581,1
9.44,116,0,1,1347,1
8.63,91,0,3,1538,1
6.18,120,0,4,1523,1
5.82,137,0,2,943,0
7.81,103,0,4,1401,1
7.45,128,0,4,1139,1
7.74,103,0,2,1471,1
8.17,80,0,2,1723,1
6.76,111,0,2,1019,0
7.04,132,0,3,1220,0
9.12,127,1,8,2367,1
6.51,108,0,2,1185,0
9.55,109,1,6,1582,1
8.95,112,0,4,1747,1
8.02,113,1,1,1585,1
6.79,109,1,3,914,0
6.32,110,0,4,1578,0
7.4,85,0,3,1020,0
8.25,103,1,7,1393,1
5.57,86,1,2,754,0
7.31,110,1,2,1590,1
7.08,113,0,1,809,0
9.12,131,0,3,1760,1
8.12,118,1,3,1305,1
6.59,106,0,3,511,0
6.93,111,0,4,1368,1
8.76,121,1,3,1720,0
6.63,125,0,2,817,0
6.89,121,0,3,1289,1
8.56,98,1,5,1839,1
6.06,97,0,3,1056,1
6.08,111,0,4,1005,1
8.97,105,0,5,1263,1
7.05,114,1,4,1414,1
6.68,110,0,2,904,1
7.22,108,1,4,1247,1
7.86,100,0,3,1446,1
7.15,90,0,4,1389,0
7.84,108,1,5,1727,1
8.46,80,0,4,2168,1
8.44,105,0,5,1108,0
10,111,1,6,2111,1
6.74,89,0,5,927,0
8.37,136,0,3,986,1
8.99,109,1,6,1991,1
8.1,93,0,3,1177,1
6.48,92,0,0,1270,0
6.37,95,0,5,1314,0
6.32,97,0,2,845,0
7.74,135,1,5,1902,1
7.34,100,1,4,1539,1
8.79,87,0,6,1862,0
5.04,95,0,0,703,0
7.35,124,0,4,1603,1
6.75,112,0,2,1316,1
7.94,125,0,5,1307,1
7.87,99,0,5,1750,1
6.38,118,1,5,1630,1
6.88,137,0,4,1389,1
7.83,100,0,3,1078,1
6.9,112,0,1,1151,1
7.51,116,1,4,2060,0
6.89,105,0,3,998,0
6.5,101,0,1,769,0
7.47,109,0,5,1219,1
8.31,110,1,3,1854,1
7.6,102,1,6,1808,1
7.36,109,1,4,1340,0
7.33,93,0,1,1180,0
7.26,111,0,5,2280,1
7.69,107,1,3,1686,1
7.93,105,1,4,1577,1
9.1,127,1,6,2283,1
7.2,116,1,4,1528,1
7.68,111,0,1,1389,1
6.85,111,0,2,1012,0
9.23,89,1,6,1924,1
9.38,130,0,4,1971,1
5.46,96,0,4,1269,0
7.44,102,0,4,1755,1
8.56,115,1,5,1726,1
7.37,80,0,5,1239,0
6.89,132,0,3,1484,1
7.66,121,0,2,912,1
7.72,107,1,4,1346,1
7.73,103,0,2,1360,0
7.5,89,0,1,1346,0
7.83,105,1,6,2004,1
6.49,80,0,0,1074,1
8.97,114,0,4,1437,1
7.73,112,0,1,1494,1
8.95,109,1,5,1723,1
7.82,110,0,4,1640,0
6.43,124,0,3,1266,1
8.03,124,0,4,1518,1
6.92,126,0,0,874,1
10,105,1,6,2066,1
5.92,90,0,3,1064,1
5.86,109,0,3,852,0
7.46,84,0,4,1326,0
6.63,118,0,3,1021,0
5.65,112,0,1,990,0
7.96,133,0,2,1967,1
7.41,95,1,5,1779,1
6.81,120,0,2,1486,0
5.95,103,1,3,1517,0
5.74,103,0,4,1287,0
7.0,105,0,3,1509,0
7.66,124,1,3,1661,1
9.76,110,0,6,2255,1
6.9,99,0,0,844,0
7.72,113,0,6,1354,1
8.23,93,0,3,970,1
7.49,91,0,3,1356,1
7.88,131,1,4,1717,1
7.67,129,0,5,1353,0
5.99,87,0,2,1076,0
5.32,113,0,0,942,0
8.05,97,0,4,1559,0
9.45,114,0,6,1613,1
6.28,92,0,5,1453,0
6.76,119,0,0,1046,0
7.3,115,1,3,1185,1
6.13,105,0,4,553,0
7.36,114,0,3,1595,0
7.52,102,0,3,1252,0
7.0,108,0,3,967,0
6.85,86,1,4,1339,0
7.52,106,1,5,1671,1
8.7,101,0,5,1547,1
7.2,108,0,4,1568,0
7.22,92,0,0,1107,1
8.4,88,0,5,1707,1
9.18,122,0,5,1578,1
8.63,122,0,4,1931,1
7.09,105,0,2,1328,1
7.68,124,0,3,1913,1
8.45,104,0,1,1390,1
7.2,80,1,5,1780,0
8.2,94,1,3,1175,0
7.35,112,1,3,1334,0
8.28,145,1,2,1773,1
6.86,120,0,4,1457,0
6.82,86,0,0,1248,1
7.86,88,0,3,1238,0
6.11,94,0,3,1535,0
7.22,113,1,4,1743,0
7.53,114,0,4,868,1
7.87,91,0,3,1305,1
8.13,133,1,1,1200,1
7.99,113,0,2,1528,1
6.37,121,0,5,1504,1
7.23,101,0,3,1319,0
6.36,98,0,2,1005,0
6.39,97,1,5,1443,1
5.12,126,0,5,1367,1
10,98,1,7,2154,1
5,108,0,3,984,0
8.01,98,1,4,1667,1
7.5,113,0,4,1461,0
6.86,109,0,4,1414,1
7.34,107,0,5,1325,0
7.63,126,0,2,1164,1
5.62,103,1,5,867,0
8.14,97,0,2,1370,1
5.98,99,1,4,1206,0
6.5,86,1,2,966,0
6.68,107,0,3,769,0
7.82,95,1,5,1670,1
7.6,118,0,1,1504,0
7.36,120,1,6,1874,1
9.17,145,0,4,1356,1
6.51,122,0,2,1285,0
7.75,135,0,4,1523,0
8.04,111,0,2,1135,1
7.85,93,0,4,1213,1
7.75,130,0,3,1353,0
7.58,112,1,5,1897,1
8.17,101,0,2,1293,1
8.1,133,0,5,1461,1
9.09,98,1,5,1345,1
8.87,89,0,5,2327,1
7.36,110,0,4,1322,1
5.99,127,1,4,584,1
6.82,126,0,3,1471,1
7.24,93,0,2,1128,1
7.47,111,0,3,1611,1
7.9,107,0,5,1166,1
8.44,113,0,4,1800,1
8.54,132,0,3,1680,1
9.06,126,0,5,1252,0
6.66,119,1,1,1320,0
7.37,82,0,5,1079,0
6.79,110,0,4,776,0
7.27,113,0,2,1397,1
7.28,88,0,1,1219,0
6.68,95,0,1,1303,0
6.49,107,0,1,972,0
6.95,102,1,4,1426,0
5.72,108,0,0,1043,0
6.3,80,1,4,1589,1
6.85,85,0,1,1103,0
6.54,125,0,3,1252,0
8.59,122,0,4,1409,0
9.06,122,0,4,1260,1
7.94,113,0,0,929,1
6.8,128,0,0,1124,1
5.37,107,0,3,1377,0
6.52,127,0,1,1034,0
8.78,102,1,5,1993,1
8.95,107,0,1,1557,1
6.5,96,1,2,795,1
7.16,110,1,5,1749,1
7.11,109,0,3,1173,0
7.66,114,1,4,1336,1
7.72,99,1,4,1450,1
8.1,141,0,5,1640,1
6.02,122,0,5,981,0
9.03,100,0,2,1416,1
7.27,133,1,5,1400,0
9.45,81,1,3,1651,1
6.58,95,1,4,1608,1
5.39,108,0,1,738,1
7.94,109,1,3,1315,1
5.52,80,0,3,1558,1
6.74,96,0,0,617,0
8.08,91,0,4,1532,0
9.11,88,1,3,2083,0
6.4,128,0,0,810,0
6.56,135,0,2,964,0
5.58,122,0,2,1305,0
8.71,95,0,3,1371,0
5.21,80,0,3,854,1
6.82,80,0,3,1491,0
7.22,111,0,4,1237,0
7.97,120,1,6,1638,1
5.61,140,0,3,906,0
7.35,116,0,4,904,1
8.95,94,0,3,1595,1
7.24,106,0,6,1297,1
8.15,108,0,3,1495,1
7.1,103,0,2,864,0
8.36,106,0,3,1697,1
7.66,91,0,2,1195,0
8.51,121,1,5,1579,1
8.9,90,0,5,1853,1
6.28,111,0,2,1071,1
7.39,109,1,3,1363,1
8.68,97,0,5,1670,0
7.5,135,0,3,1217,1
5.49,97,0,0,1092,0
8.06,107,1,6,1312,1
5.8,107,0,2,500,0
6.62,80,0,0,984,0
7.68,87,0,4,1646,0
8.98,106,1,6,1853,1
7.4,86,0,3,1178,1
7.32,116,0,2,1258,0
8.25,124,1,3,1510,1
8.42,116,0,3,1297,1
7.46,129,1,5,1196,1
8.0,113,0,5,1379,1
7.75,117,0,4,1356,1
7.42,120,1,2,1295,0
7.71,105,0,4,1160,1
7.52,111,1,4,1792,1
6.23,102,0,3,1322,1
6.99,120,0,2,1562,0
5,99,0,5,1182,0
8.53,88,0,5,1380,1
5.64,81,0,2,770,1
6.96,109,1,4,1079,1
5.6,114,0,2,1198,1
6.8,99,0,4,805,1
7.92,111,0,3,1407,0
5.89,81,0,2,534,0
8.38,96,1,4,1683,1
7.73,118,1,4,1436,1
7.12,80,1,3,1537,0
6.05,136,1,2,1089,1
7.53,114,1,2,1712,1
5.52,105,0,2,1028,0
8.64,124,1,6,1555,1
8.23,90,0,3,1523,1
7.58,112,1,3,1526,1
7.65,126,0,2,1309,1
7.24,94,0,3,1208,1
6.65,102,0,0,773,0
6.15,108,1,3,1004,1
6.3,111,1,3,1012,0
8.44,112,0,5,1489,1
7.78,118,0,0,1695,1
8.58,114,1,6,1428,1
7.81,80,0,3,1669,0
8.83,96,1,6,1970,1
8.32,123,0,3,1895,1
6.01,112,0,5,1007,0
6.16,115,0,1,785,0
6.34,130,0,3,1181,0
8.2,111,0,3,1534,1
8.9,115,0,3,1628,1
6.64,113,0,2,1405,1
6.84,115,0,0,838,1
9.12,137,0,4,1555,0
7.1,88,1,1,1249,0
8.84,108,1,5,2072,1
7.67,91,0,2,1206,0
7.54,110,1,5,1798,0
7.76,114,0,4,1448,1
8.15,110,1,3,1628,1
6.91,108,1,5,1422,0
7.23,100,0,3,1411,0
6.39,109,1,4,780,0
7.33,106,0,3,1236,1
9.45,102,0,6,2093,1
7.35,119,0,6,1495,0
7.47,86,0,3,1373,1
5.79,97,0,3,1074,0
7.93,101,1,5,1719,1
6.93,89,0,2,1318,0
8.49,87,1,5,1551,1
7.34,137,0,3,923,1
7.4,92,0,2,928,0
6.83,93,0,1,1044,0
6.88,104,0,2,1156,1
7.82,94,1,4,1173,1
8.61,105,1,4,1709,0
8.05,100,1,5,1355,1
7.8,101,0,3,1627,0
7.47,113,1,2,1351,1
6.35,119,0,3,685,0
6.95,123,1,2,1247,0
7.73,99,0,3,1417,0
7.38,109,1,3,1289,1
8.02,102,0,5,1476,1
8.18,88,0,4,1250,0
7.63,123,0,3,929,1
5,121,0,2,1077,0
7.42,122,1,6,1390,1
7.54,114,0,2,760,1
7.69,97,1,6,1753,1
8.04,124,1,4,854,1
8.5,112,0,1,1784,1
9.7,131,1,5,2150,1
6.98,81,1,6,1267,0
7.64,130,0,4,1795,1
7.8,97,1,1,1880,1
7.64,111,0,2,1444,0
6.63,111,0,0,795,0
7.53,117,0,3,1887,1
9.48,111,0,4,1873,1
8.59,94,1,6,1815,1
9.23,80,0,5,1805,0
7.17,120,0,1,1091,1
7.16,119,0,3,1211,0
6.86,96,0,3,928,0
7.8,113,0,5,1286,0
6.46,109,1,5,1382,0
7.29,120,1,6,1439,1
7.15,98,0,4,1020,1
9.24,114,1,5,1524,1
7.25,109,0,3,1309,0
6.64,127,0,3,1786,0
6.67,127,0,3,1273,0
6.8,133,1,2,1537,1
5.42,84,0,2,896,0
5.99,83,1,3,1415,0
6.89,103,1,5,1050,1
7.45,97,0,3,1341,1
8.2,102,0,2,1327,0
7.46,91,0,0,1252,1
6.2,88,0,2,794,0
9.02,93,1,6,1805,1
7.09,105,0,5,1205,1
7.85,81,0,2,1435,0
7.42,113,0,3,1221,1
8.27,88,0,4,2121,0
6.92,119,1,2,1246,0
9.39,101,0,4,1150,1
7.57,107,0,3,1224,1
9.24,120,0,3,1466,1
8.29,108,0,2,1616,0
6.99,111,0,4,995,1
7.06,113,0,0,859,0
6.85,110,0,3,1383,1
8.18,116,0,7,1826,1
7.94,90,0,4,1894,1
7.25,98,0,0,1320,1
9.74,122,1,4,1248,1
7.26,106,0,2,1327,1
6.95,107,1,5,1223,1
6.24,115,1,1,1225,0
7.86,113,0,5,1564,1
8.17,99,1,6,1338,0
7.21,116,0,4,1646,1
7.1,107,0,2,1301,0
7.59,113,0,5,2059,1
7.25,80,0,2,1068,0
6.55,119,1,1,1503,0
8.21,116,0,3,1883,1
8.86,92,0,5,1185,1
7.75,124,0,6,1398,1
6.41,104,0,0,831,0
7.34,85,0,2,729,0
7.18,111,0,2,1234,1
7.72,118,0,1,1411,0
7.84,102,1,3,1639,1
8.26,145,0,2,1625,1
7.1,112,1,5,1288,0
7.17,88,0,1,1530,1
8.44,102,0,2,1188,1
7.09,130,1,3,1443,1
7.21,83,0,2,1327,1
6.61,107,0,5,1416,1
8.4,94,0,4,1589,1
9.44,88,0,4,1724,1
7.91,92,1,5,1375,1
7.19,124,0,2,1300,1
8.47,103,1,6,1890,1
8.72,121,0,5,1760,1
5.14,104,0,1,505,0
7.77,101,0,3,1533,1
7.46,80,1,4,1607,1
7.43,121,0,1,1234,0
5,114,1,5,1211,1
8.53,122,1,6,2055,1
6.24,125,0,2,1551,1
8.99,84,1,4,1828,1
5.66,116,0,3,1206,1
7.87,108,0,4,1293,0
7.08,118,1,5,1271,1
7.58,125,0,4,1603,1
7.61,100,1,2,2120,1
7.43,124,0,1,1174,0
8.49,105,1,5,2077,1
8.0,121,1,6,1343,1
6.65,116,0,5,1394,0
7.3,110,0,3,1426,1
8.24,84,1,4,1659,1
8.67,100,1,6,2174,1
7.83,107,0,4,866,0
7.01,102,0,4,1537,0
7.12,119,0,4,1404,0
7.02,123,0,1,988,0
6.56,103,0,1,1066,1
6.6,102,0,4,1393,0
7.79,102,1,5,1789,0
5,111,0,3,700,0
6.23,95,0,0,743,1
8.3,108,0,1,1411,1
6.24,111,1,4,1797,0
5,123,0,2,763,0
8.26,96,1,2,1515,1
6.2,113,0,3,1863,1
8.58,102,1,6,2238,1
8.46,103,1,4,1745,1
7.77,119,1,5,1883,1
7.62,99,1,4,2066,1
6.41,106,1,5,1227,1
7.94,113,0,2,1030,1
7.35,119,0,3,1136,0
8.36,130,1,4,1905,1
5.27,105,0,3,1322,0
8.04,126,1,5,1258,0
6.41,95,0,5,1403,0
7.44,130,1,0,782,0
8.7,102,0,2,1798,0
7.61,122,0,3,1164,0
7.19,104,0,4,1832,1
8.33,129,0,2,1628,1
8.93,98,0,3,1779,1
6.56,112,0,0,1249,1
6.57,110,0,1,1751,1
6.19,97,0,5,1572,0
6.11,108,0,1,726,1
6.35,110,1,3,955,1
6.03,107,1,5,1416,1
7.3,80,0,2,1807,1
7.61,97,0,3,1556,1
7.52,99,0,3,1790,0
7.6,89,0,2,1202,0
7.73,112,0,3,1617,0
6.19,86,0,3,1047,0
7.34,94,1,4,1414,0
8.05,99,0,5,1380,1
7.42,107,0,2,1186,0
7.37,105,0,2,1318,1
6.63,102,1,4,1688,1
7.86,121,0,2,1733,0
6.45,133,0,3,1183,0
8.02,107,0,2,926,0
8.33,106,0,4,1637,1
7.28,112,0,1,1230,1
7.91,95,0,5,1000,1
9.4,134,0,5,2064,1
7.07,116,0,2,1355,1
7.31,121,0,3,1221,1
6.8,87,0,1,616,0
8.65,109,0,4,1888,1
8.04,86,0,3,1304,1
9.21,109,1,7,2312,1
6.22,119,0,3,1226,0
6.71,104,0,0,748,0
6.88,94,0,7,1802,1
9.08,103,1,6,1723,1
7.5,96,0,3,1053,0
8.0,100,0,0,1711,1
7.35,94,0,3,1177,1
6.1,107,0,4,1145,0
5.47,96,1,2,966,0
8.08,96,1,6,1656,1
8.71,99,0,4,1813,0
7.88,130,1,5,1327,1
8.26,103,1,6,2074,1
8.1,124,1,4,2134,0
9.03,86,0,4,1451,1
8.18,136,1,5,1645,1
6.52,95,0,3,500,0
7.9,101,1,5,1767,1
7.85,106,0,0,1577,0
8.47,98,1,4,1323,1
7.23,122,0,5,1632,1
5,85,1,3,782,0
8.5,107,1,3,1528,1
8.45,80,1,6,1975,1
6.4,131,1,3,1388,1
5.7,97,0,2,577,0
7.25,110,0,4,1796,1
8.65,103,1,7,1761,1
7.14,109,0,0,1821,0
8.0,96,0,4,1785,1
7.11,113,0,2,972,1
7.31,110,0,4,1531,1
7.12,100,0,3,1314,1
7.89,113,0,4,1374,1
8.22,122,0,4,1420,1
6.61,104,0,2,1230,0
7.57,135,0,2,1758,1
8.22,84,1,6,1817,0
6.61,106,0,4,1393,0
7.35,82,0,1,1208,0
7.79,110,1,5,1437,1
5,100,0,1,787,0
5.92,113,0,0,896,1
8.27,108,1,5,1458,1
8.17,111,1,4,1757,1
5.88,119,0,3,1402,0
6.96,112,0,2,1352,0
7.75,95,1,3,1154,1
7.02,121,0,3,1511,0
7.46,105,1,2,889,0
6.79,98,0,3,1567,0
7.86,112,0,3,1277,1
6.98,139,0,5,1206,0
8.16,99,0,4,1703,0
8.21,113,0,3,1633,1
7.89,106,0,4,1335,0
7.93,92,1,4,2055,1
7.71,125,1,5,2020,1
8.4,120,1,3,1707,1
7.25,114,1,0,611,0
8.26,91,0,4,1753,0
7.03,92,0,2,1187,0
9.0,107,0,4,1511,1
8.37,139,1,4,1494,0
7.88,115,1,3,1561,0
8.13,123,1,3,1658,1
9.81,97,1,7,1817,1
6.97,110,0,3,1349,1
6.54,111,0,2,774,0
7.12,114,0,2,1286,1
7.26,134,1,2,1393,1
6.16,121,0,5,1489,0
6.56,80,0,3,1139,1
7.0,105,0,2,1049,1
8.09,110,0,3,1741,0
6.85,99,0,4,1175,1
6.63,98,0,2,1023,1
6.97,102,0,3,847,0
6.78,118,1,1,864,0
8.06,123,0,0,1518,1
6.9,114,0,3,1008,0
7.33,104,1,5,1520,1
7.94,115,0,2,1516,1
6.31,114,0,2,1082,0
7.98,101,1,7,1315,1
6.07,134,0,4,1723,1
7.99,84,1,6,1928,1
8.54,99,0,2,1550,0
7.64,107,0,4,1105,0
5.64,94,0,3,1279,0
5,125,0,1,594,0
6.49,109,1,4,1061,0
8.68,104,0,3,1616,1
7.05,126,0,4,1130,1
7.4,107,0,4,1237,0
6.74,94,1,0,1289,0
6.19,124,0,2,1067,0
7.25,126,1,2,1060,1
7.77,104,0,2,1213,1
6.51,102,0,4,693,0
6.78,101,1,2,906,1
8.44,98,1,5,1789,1
7.54,104,1,3,1989,1
7.16,97,0,2,1227,0
8.02,123,0,4,1689,1
8.36,123,1,5,1823,1
6.24,108,0,1,895,0
7.61,101,0,3,1714,1
8.59,98,0,5,1684,1
6.16,130,0,5,1117,0
9.39,126,0,4,1635,1
5.57,98,0,0,784,0
8.89,90,1,6,1841,1
8.02,129,0,4,1698,1
6.72,116,0,2,1206,0
6.62,90,0,5,1774,0
9.61,142,1,6,2251,1
6.22,124,0,3,864,0
9.45,121,1,8,1683,1
7.16,105,0,1,1551,1
9.15,111,1,6,1638,1
6.85,114,1,3,1079,1
6.69,109,0,1,1128,0
7.44,135,0,3,1277,1
7.65,117,0,1,1545,0
7.79,123,1,7,2122,1
7.41,91,0,4,1477,1
8.91,81,0,5,1470,1
7.79,120,0,1,1079,1
7.13,127,0,5,1331,1
7.46,126,0,3,1129,0
7.84,122,0,2,1223,0
8.13,108,1,3,1560,1
6.74,105,0,3,1070,1
6.87,120,0,0,1207,0
6.91,101,0,2,1389,1
7.02,121,0,2,1049,0
8.69,98,0,5,1526,1
7.19,113,0,2,842,1
6.57,118,0,2,1273,0
8.21,122,0,2,1573,1
7.79,111,0,1,1673,1
7.06,99,0,4,1168,1
8.14,94,0,3,1639,0
8.14,90,0,6,1487,1
6.7,97,1,3,1090,0
6.26,111,0,1,1296,0
6.65,114,0,4,1214,0
7.21,84,0,3,1294,0
7.7,106,0,3,2078,1
8.77,90,0,5,1591,0
7.31,132,0,5,872,1
5.74,113,0,5,1563,0
5.13,105,0,3,1087,1
7.21,145,0,3,1472,1
6.64,96,0,1,775,1
9.08,112,0,5,1577,1
6.72,86,0,3,1177,1
8.45,106,0,5,1838,0
7.3,103,0,0,885,0
8.82,103,1,5,2183,1
7.63,128,0,5,1523,1
6.41,131,0,0,677,0
8.31,90,0,2,1261,1
6.5,134,0,0,1074,1
6.15,116,1,4,1578,0
6.43,122,0,1,1115,1
6.94,108,1,4,1824,0
7.4,99,0,4,1530,0
8.18,125,1,7,1230,0
9.47,91,0,4,1616,1
7.56,121,0,3,1170,0
8.21,119,1,3,1745,1
5.88,117,0,2,1219,1
7.43,116,1,2,1015,0
6.58,104,0,0,1262,0
8.44,84,1,5,1472,1
6.97,106,1,2,1281,1
7.08,94,0,2,1310,0
5.75,107,0,3,1028,0
5.65,92,0,5,1163,0
9.37,113,0,6,1779,1
6.09,124,1,5,1790,1
7.42,108,0,1,1035,1
9.06,103,0,7,2076,1
5.12,123,0,3,857,0
8.41,126,0,2,1158,1
8.64,105,1,6,2193,0
6.45,94,0,0,1050,1
6.2,101,1,2,979,0
5.76,118,1,4,815,1
8.65,123,1,6,1176,0
7.92,118,0,4,1490,1
7.67,111,1,5,1448,0
6.96,111,0,1,1151,0
9.0,115,1,6,1952,1
7.57,80,0,3,1150,0
7.34,97,0,4,841,0
6.36,140,0,3,942,1
7.61,120,0,6,1406,1
6.18,117,0,4,866,1
6.26,96,0,5,1552,1
7.76,131,0,3,1255,1
5.74,113,1,3,994,0
6.43,105,0,2,1120,0
6.6,125,0,4,1182,0
7.12,101,1,6,1677,0
8.18,138,1,6,1727,0
6.14,89,0,0,1015,0
9.62,119,0,6,1892,1
7.35,90,0,0,1119,1
5.7,126,0,1,1246,0
7.95,129,0,6,1643,1
7.14,145,0,6,1495,1
6.83,90,0,4,1344,0
9.32,137,1,6,2044,1
5.79,98,0,7,1391,0
8.12,99,0,2,1180,1
8.47,112,0,5,2046,1
7.61,126,1,2,1145,0
8.2,109,0,2,1413,1
5.81,101,0,3,717,0
6.84,103,1,1,1055,0
5.13,115,0,3,680,0
6.87,133,0,3,656,0
7.93,101,0,5,1598,1
7.35,101,0,4,1259,1
9.43,80,0,2,1089,1
7.8,118,1,5,1547,1
7.35,139,1,4,1666,1
7.29,90,0,4,1496,0
7.35,99,1,4,1391,1
7.94,101,0,5,2141,1
5.19,80,1,4,739,0
6.98,98,0,1,1332,1
10,124,0,4,2113,1
8.35,110,0,5,2295,1
7.39,110,0,0,1370,1
8.2,120,1,4,1504,1
6.67,112,0,1,1126,0
7.08,95,0,1,923,1
7.08,108,0,5,1269,1
5.69,98,0,3,897,0
6.92,97,0,1,1030,1
8.27,110,0,2,1836,1
8.71,114,0,3,1509,1
7.6,103,1,2,1209,1
7.63,100,0,3,1287,0
7.3,125,0,4,1086,1
8.15,110,1,4,1925,1
7.05,129,0,3,1309,1
8.26,123,1,3,1291,1
8.17,106,0,6,1655,1
7.38,110,0,4,1553,0
6.94,92,0,3,1006,1
6.64,116,0,3,1595,0
7.93,93,0,4,1503,1
8.12,102,0,6,1595,1
6.58,98,1,4,1015,0
8.07,133,0,3,1211,1
7.23,110,1,8,2046,1
5.12,124,0,4,972,0
8.52,122,1,8,1983,1
8.47,124,0,4,1743,1
5.06,145,0,4,1101,1
5.29,107,1,3,747,0
6.97,119,1,6,1116,1
8.57,113,0,3,1547,0
9.62,95,0,4,1596,1
7.36,127,1,2,1362,1
7.5,120,0,4,1380,1
8.61,108,0,1,1049,0
7.3,103,0,4,990,0
7.47,107,0,0,1043,0
7.92,95,0,4,1178,1
7.11,113,0,5,1334,0
6.07,102,1,3,715,0
8.01,90,0,7,1862,1
8.34,108,1,3,1384,1
8.95,120,1,7,1937,1
6.94,115,0,1,1532,1
7.45,92,0,4,2013,0
7.01,114,1,5,1202,0
7.25,120,0,4,1518,0
7.4,103,0,3,1170,0
6.65,116,0,2,716,0
8.14,97,1,4,1586,1
7.48,118,1,6,1923,0
7.1,103,0,2,1410,1
6.65,115,0,2,1371,0
8.15,103,0,2,964,0
9.8,115,0,2,1677,1
6.95,125,1,4,1064,0
8.22,93,0,3,1739,1
9.45,102,0,6,1703,0
8.34,106,1,5,1847,1
7.45,102,0,3,1193,0
7.59,128,1,3,1678,1
8.36,98,0,3,1424,0
8.16,117,1,5,1625,1
8.66,124,0,5,1321,1
5.27,93,1,3,500,0
7.96,103,1,4,1710,0
9.16,109,0,4,1528,1
6.95,98,0,1,1214,1
7.24,91,0,0,1127,0
7.34,145,0,1,1004,0
7.46,124,1,6,2150,1
6.8,85,0,3,1000,0
7.97,113,1,4,1365,0
6.38,115,1,2,992,0
8.48,97,1,2,1619,1
9.0,128,1,6,1789,1
7.6,95,1,4,1428,1
6.91,80,0,3,1254,0
6.81,102,0,0,1064,0
8.04,86,1,5,1451,1
7.49,98,0,3,1605,1
7.4,89,0,1,1209,0
9.01,119,1,6,1864,0
10,99,1,8,2083,1
7.73,108,0,3,1060,1
9.04,93,1,5,1973,1
6.94,121,1,7,1488,1
6.74,109,1,5,1347,1
7.97,112,1,6,1780,1
6.31,93,0,6,1280,0
7.86,102,0,3,1076,1
7.15,87,0,4,1547,0
6.26,111,0,5,1395,1
7.88,119,0,5,1014,1
8.55,126,1,4,1608,1
9.02,80,0,3,1732,1
8.49,96,0,4,1425,1
6.06,85,0,0,588,0
5.02,100,0,2,746,0
7.23,114,0,2,1520,1
6.98,113,0,3,1638,1
6.34,125,0,6,1170,0
7.0,120,0,2,1479,0
6.37,131,0,3,1119,1
8.41,99,1,5,1320,1
7.9,118,0,3,1297,1
8.89,106,1,4,1607,1
5.92,115,0,1,1125,0
5.05,120,0,2,729,1
7.01,104,1,5,1118,1
8.93,107,0,5,1561,1
6.77,100,0,0,1315,1
7.25,96,0,2,1479,1
5.78,113,1,5,1508,1
8.44,101,1,6,1511,0
6.75,131,1,4,1365,0
8.12,107,1,5,1605,0
7.23,100,1,4,1420,1
7.54,103,1,3,1361,1
8.99,80,1,8,2026,1
7.13,100,1,4,1343,0
6.3,145,0,4,1265,1
6.38,113,0,4,1234,0
8.53,123,0,5,1702,1
8.64,100,0,5,1703,1
8.52,106,0,3,1774,0
6.89,88,1,4,1529,1
7.04,90,0,6,1492,1
7.03,126,0,3,1194,0
6.85,105,0,3,1396,0
8.68,125,0,2,1495,1
7.06,106,1,2,1647,0
6.85,106,0,1,1107,0
9.14,132,1,5,1623,1
7.73,91,0,3,1430,1
8.12,97,0,1,1457,0
8.37,100,1,6,1444,1
10,86,0,8,1469,1
7.49,118,0,3,1231,0
7.34,126,0,2,1184,0
6.82,99,0,2,1486,0
8.03,133,0,4,1654,0
7.92,98,1,4,820,0
10,93,0,6,2122,1
8.4,104,0,2,1370,1
8.59,101,0,3,1491,0
7.08,80,0,3,1577,0
9.43,96,1,7,2172,1
7.6,132,0,1,1767,1
8.66,100,0,5,1516,1
6.12,133,0,2,886,0
7.11,80,0,4,1486,1
7.73,130,0,2,1034,1
6.35,89,0,2,647,0
5.32,94,0,1,713,0
6.59,89,0,2,919,0
5.69,89,0,3,802,1
8.85,102,1,6,2400,1
5,117,0,3,1290,1
6.02,119,0,3,1076,1
6.34,128,0,4,1080,0
6.66,111,0,3,1012,0
8.69,117,0,4,1439,1
8.88,119,0,5,1837,1
8.37,116,0,4,1459,1
6.23,126,1,5,628,0
7.43,126,0,3,958,0
7.92,101,1,5,1661,0
7.43,90,0,2,1458,0
7.03,107,1,5,1242,0
7.35,124,0,3,1214,0
7.09,88,0,2,943,0
7.31,100,0,2,1560,0
6.68,112,0,1,1373,0
6.65,112,0,1,683,1
8.25,107,0,6,1650,1
6.39,100,0,5,1017,1
10,101,0,6,1853,1
6.54,92,0,4,1166,1
5.99,125,0,0,1091,1
5.66,122,0,4,1501,0
8.14,117,0,1,1061,0
6.81,94,0,3,1287,0
7.28,100,0,4,1644,1
5.94,114,0,3,1343,1
8.22,90,1,5,1588,1
10,95,0,7,2289,1
7.43,111,1,4,1593,1
7.21,120,0,5,1019,0
7.29,102,0,1,1519,0
7.78,86,0,2,1466,0
9.46,110,0,4,1845,1
8.25,132,0,3,1703,1
6.5,92,0,1,1416,1
8.7,120,0,4,1730,1
7.05,121,0,3,1557,1
6.34,101,1,2,635,0
7.51,104,0,3,1417,1
6.83,119,0,1,1335,1
8.1,109,1,5,1384,1
9.19,103,1,6,1444,1
7.68,114,0,5,1366,1
8.38,102,0,3,1189,0
9.46,96,0,1,1615,1
7.81,105,0,4,1411,0
7.64,113,1,1,1625,1
8.42,98,1,6,1686,1
7.54,118,1,3,1615,1
7.81,127,0,3,1327,1
7.13,101,0,1,1054,0
8.46,94,0,6,1751,1
6.73,89,1,2,1663,0
7.04,101,1,6,1668,0
8.79,127,0,4,1472,1
7.12,118,0,2,1040,0
9.07,97,0,3,1379,1
6.51,124,0,0,1281,1
8.36,101,1,6,1867,1
5,108,0,2,1140,0
9.33,109,0,4,2106,1
6.03,103,1,3,928,0
7.55,82,1,8,1545,0
6.4,113,0,3,788,1
9.04,114,0,6,2002,1
8.3,100,1,6,1903,1
8.78,83,0,2,1342,0
5.91,92,0,4,1116,0
7.64,105,0,2,1297,0
8.94,85,0,2,1869,1
7.43,113,0,2,1111,0
8.43,97,0,4,1366,0
6.97,84,0,5,1579,0
7.49,115,0,1,850,0
6.93,120,0,3,1025,0
7.28,83,1,3,686,0
7.78,109,0,5,1390,1
6.44,80,0,0,803,0
5.25,112,0,2,500,0
7.5,117,1,7,1495,0
7.28,92,0,1,1461,0
7.85,100,1,2,1267,1
5.71,108,0,3,849,0
6.42,104,0,3,996,1
6.74,105,1,5,1459,1
8.26,119,1,3,1782,1
5.74,99,1,3,1449,0
7.73,116,1,6,823,1
9.35,134,0,5,1788,1
8.89,94,1,4,1263,1
8.9,117,0,7,1848,1
5.73,82,0,3,799,0
8.25,100,0,7,1741,1
8.82,117,0,3,1425,0
6.18,127,0,3,1594,0
7.99,112,0,4,1486,1
5.52,101,1,2,1023,0
7.97,116,0,4,1160,0
8.77,107,1,4,1742,1
8.16,96,0,5,1924,0
6.34,116,0,1,529,0
7.73,121,0,4,1671,0
6.92,81,1,1,1281,0
9.96,104,0,7,2216,1
7.53,132,0,5,1715,0
8.04,95,0,4,1562,1
5.46,122,0,5,874,0
7.68,113,1,1,1340,0
7.46,126,0,3,979,1
7.98,123,0,3,1195,0
9.64,120,1,6,2090,1
7.5,96,1,1,1670,1
6.8,125,1,5,1034,1
8.07,136,0,2,1225,1
7.95,90,0,5,1823,1
7.88,89,0,6,1242,1
8.46,104,0,7,2029,1
6.79,107,1,3,1397,0
6.36,98,0,4,1305,1
6.69,115,1,0,1240,1
6.26,130,0,3,1493,0
6.99,109,0,0,1133,0
7.95,111,1,4,1588,0
7.06,124,0,4,1045,1
8.36,102,1,4,1457,1
6.59,100,0,2,632,0
8.75,117,0,7,1819,0
7.37,115,0,0,1145,1
7.1,96,0,3,1399,1
8.3,101,1,8,1597,1
7.93,115,0,1,1060,0
7.09,109,0,2,734,0
9.16,104,0,4,1454,0
6.84,113,0,0,1073,0
7.18,115,0,3,1268,0
6.01,90,1,5,1578,1
7.57,99,0,4,1435,0
6.07,101,0,4,1422,0
7.21,100,1,3,1439,1
8.04,121,0,3,1005,1
8.74,103,0,4,1828,1
7.56,99,0,4,1282,1
6.04,121,0,0,1053,1
6.24,111,1,3,1268,1
5.96,98,0,2,752,0
8.68,119,1,7,2121,1
8.78,92,1,1,1869,1
8.54,118,0,3,1450,1
9.44,95,1,7,2059,1
6.98,103,0,3,876,1
5.64,122,0,2,992,1
7.57,118,0,3,1228,0
7.05,116,1,4,1636,1
7.82,102,0,2,1496,1
6.99,90,1,5,1473,0
8.54,121,0,4,1492,1
7.44,132,1,6,1906,1
5.1,115,0,3,1065,1
9.6,81,0,4,2314,1
7.18,92,0,2,1373,1
6.2,123,1,2,1551,0
6.43,109,0,2,1256,0
7.03,112,0,4,1326,1
7.97,102,1,4,1363,0
6.61,94,1,5,1359,0
6.96,108,0,0,1143,1
7.62,87,0,3,1061,0
7.52,117,0,4,939,1
9.29,116,0,6,1689,1
7.18,118,0,4,1422,1
6.19,108,0,1,569,0
8.54,95,1,8,2107,1
6.69,80,0,4,607,0
6.95,95,0,3,773,0
7.56,114,0,4,1569,1
6.55,103,1,3,1436,0
7.73,99,1,5,1315,1
7.48,80,1,4,1087,1
7.54,127,0,3,1018,0
7.32,94,1,3,1521,1
5.44,100,0,1,551,0
9.83,109,1,5,2128,1
6.9,87,1,3,1063,1
8.01,98,0,3,1130,1
6.88,119,0,4,1318,1
7.19,122,1,4,1499,0
7.42,105,0,2,892,1
6.05,112,0,3,1194,0
6.68,101,0,5,1481,0
6.81,105,0,1,807,0
6.83,107,0,3,1094,0
6.73,110,1,3,1376,0
7.1,107,1,4,1134,0
6.54,112,0,2,977,0
8.14,97,1,4,1664,1
6.33,95,0,3,913,0
8.3,95,0,7,2070,1
7.2,105,0,2,1335,1
6.9,113,0,2,1043,0
7.84,138,1,5,1819,1
6.12,106,1,5,1593,1
6.69,113,0,3,905,0
7.35,90,0,3,1288,0
8.16,124,0,4,1368,1
7.52,103,0,3,1625,0
9.45,107,1,4,1429,1
7.93,118,0,5,1005,0
5.92,96,0,3,1205,1
6.27,104,0,4,1398,0
7.05,117,0,2,980,0
6.55,106,0,0,946,0
6.25,84,0,1,810,0
7.06,103,1,6,1514,1
5.87,89,0,1,818,0
8.41,115,0,1,1130,0
9.11,117,1,6,2161,1
8.32,121,0,3,1401,1
6.45,99,0,3,1408,0
7.7,120,1,2,1061,1
8.08,117,0,2,1273,1
7.42,89,0,4,1066,0
6.45,86,0,2,1379,1
6.7,104,0,0,1253,1
6.84,94,0,2,969,1
7.25,108,0,3,1215,0
7.0,103,1,7,1469,0
7.18,94,0,0,1231,0
6.12,113,0,2,1589,1
7.59,106,0,1,1288,1
7.39,106,0,3,1228,0
6.55,109,0,1,1071,1
6.01,107,0,0,1343,1
6.4,116,0,1,566,0
7.06,104,0,0,1225,1
6.95,104,0,3,1264,1
6.19,114,0,2,857,0
8.16,109,0,4,1876,0
7.09,122,0,1,1430,1
6.12,117,0,1,808,0
5.9,105,0,2,500,0
7.43,94,1,4,1161,0
6.37,99,1,5,1167,1
5.72,130,0,4,809,0
7.05,113,0,4,1355,0
7.71,122,1,3,1501,0
7.0,123,0,3,1187,1
8.26,80,0,4,1506,1
7.25,108,0,2,1559,1
6.96,100,0,2,1206,1
7.55,112,0,3,1262,1
9.49,111,0,5,1615,0
7.33,94,0,2,938,0
9.51,108,1,5,1903,1
9.11,107,0,2,1310,1
7.73,108,0,4,1345,1
7.76,99,1,6,1521,1
8.93,111,1,8,2365,1
7.76,99,1,4,1047,0
8.5,94,0,4,1415,1
9.18,115,1,7,2090,1
8.29,101,1,1,1105,0
8.16,114,0,3,1254,1
5.81,117,0,2,1241,0
7.73,98,0,4,1316,1
6.09,105,0,3,1134,0
9.0,104,0,2,1424,1
6.28,111,0,3,694,0
8.62,111,0,6,1667,1
8.44,110,1,5,1771,1
8.21,110,1,1,1467,0
6.63,119,0,4,1215,0
9.08,133,0,5,1594,1
6.5,80,0,3,1238,0
6.75,145,0,3,1155,0
7.35,120,0,3,1358,0
7.52,82,0,4,1430,0
8.1,92,1,8,1616,1
7.58,105,0,3,1592,1
6.48,111,0,2,1881,1
9.0,86,1,6,2394,1
6.08,111,1,1,1116,0
7.93,119,0,6,1784,1
7.72,111,0,4,1697,1
6.26,111,0,1,1134,0
7.58,104,0,3,901,1
5.73,125,1,4,936,0
6.58,82,0,0,867,0
6.02,118,0,0,793,0
8.61,121,0,4,1380,1
8.86,106,0,7,1906,1
8.17,138,0,4,1385,0
6.25,120,0,1,500,0
7.01,108,0,3,1522,1
8.67,89,0,4,1532,0
7.31,88,1,3,1566,1
6.21,110,0,4,1473,1
8.08,99,0,2,982,1
5.46,91,0,3,783,0
8.12,128,1,3,1308,1
8.67,93,1,7,2264,1
6.13,106,0,3,1159,0
8.54,127,1,6,1790,0
9.02,112,1,3,1642,1
7.33,109,0,1,1634,1
7.44,109,0,1,1048,0
8.53,120,1,3,1832,1
6.81,92,0,4,1744,0
8.02,115,0,3,1932,1
7.06,117,1,3,1424,0
6.99,114,0,4,1694,1
6.68,136,0,2,1217,0
7.89,108,1,4,1293,1
6.22,107,0,0,997,0
8.81,106,1,5,2078,1
6.49,116,0,3,1477,1
7.77,119,1,7,1413,1
8.55,109,1,5,1914,0
7.63,81,0,4,876,1
7.3,121,0,2,1023,1
8.3,99,0,3,933,0
7.38,115,0,2,737,1
6.31,110,1,2,1162,1
7.01,114,0,3,1495,1
7.51,99,1,6,1407,1
7.45,119,0,2,954,1
5.79,115,0,4,710,0
8.63,108,1,5,1381,1
5,87,0,3,886,1
6.82,114,0,0,1009,0
6.32,111,1,3,1103,1
6.03,125,0,0,1096,0
8.12,123,0,2,1213,0
7.1,84,1,4,1587,0
6.62,100,1,1,1284,1
6.73,95,0,4,1333,1
5.83,102,0,1,663,0
6.98,120,0,3,1453,0
7.26,99,0,2,1686,1
7.85,135,1,3,1231,0
8.86,113,1,6,1807,1
6.66,99,1,8,1446,0
7.68,80,1,3,1326,1
6.52,94,0,3,1139,1
7.09,96,0,0,1367,0
7.88,120,0,4,1725,1
7.12,80,0,2,942,1
7.7,106,0,0,1423,1
8.15,112,0,3,1201,1
7.26,99,0,0,1251,1
5.58,119,0,3,883,0
7.0,134,0,3,1129,1
7.42,92,1,5,1566,1
8.48,112,0,4,1467,0
9.3,102,0,4,1878,1
7.47,122,0,3,915,1
8.61,130,1,7,2293,1
7.68,109,1,2,671,1
5.89,110,0,3,715,1
7.74,103,0,1,1464,1
9.32,93,0,6,1922,1
7.34,111,1,4,1108,1
6.71,124,1,3,1191,1
5.09,121,0,0,500,1
8.4,120,1,3,1752,1
6.07,88,0,2,899,0
5.73,111,1,3,948,1
7.35,108,0,3,1156,0
8.28,95,0,4,1776,1
7.35,109,0,4,1651,1
6.82,88,0,0,1162,0
7.72,91,0,3,1606,0
7.08,91,0,2,1107,0
8.0,138,1,4,1273,0
7.38,114,1,1,1630,1
5.86,112,1,1,737,1
8.42,107,1,5,1606,1
5.87,103,0,2,1217,0
6.92,123,0,2,1769,0
7.47,123,1,3,1076,1
7.66,104,0,4,1006,0
7.75,98,0,3,1670,1
8.92,120,0,4,1392,1
5.93,130,1,5,1069,0
8.23,115,0,5,1751,1
6.55,111,0,2,1228,0
6.46,112,0,4,1367,1
7.07,115,1,2,955,1
6.72,99,0,4,1429,1
7.95,101,0,1,1119,1
6.06,106,0,3,1292,1
7.14,119,0,3,1450,0
9.69,112,0,3,1797,1
6.14,80,0,2,578,0
7.63,106,0,5,1536,1
7.56,92,1,5,1480,1
5.96,114,0,3,1308,1
8.25,87,0,5,1326,0
9.11,132,1,6,2045,0
8.1,102,0,4,1599,1
5.28,92,0,4,500,0
8.46,95,0,7,1457,1
8.95,107,0,6,1380,1
7.88,123,0,3,1295,1
7.35,80,0,4,1238,1
6.52,106,1,2,1280,0
7.29,136,0,2,1308,0
6.03,107,0,2,525,1
6.44,120,1,6,1494,1
8.39,97,0,3,1983,1
6.85,107,1,6,2033,0
7.94,107,0,7,1866,1
5.97,80,0,2,500,0
7.6,84,1,5,1417,0
8.33,100,1,4,1717,0
7.39,103,0,0,1057,1
7.56,112,1,3,1615,1
8.38,121,0,6,1587,0
8.48,89,0,4,1793,1
8.05,96,1,7,1502,1
7.34,112,0,2,1302,1
6.75,111,0,4,1278,0
6.01,106,0,1,1052,0
8.58,101,0,5,1631,1
5.48,141,0,2,855,1
7.0,122,0,3,1237,1
9.1,107,0,5,1616,1
8.69,114,1,5,1914,1
7.71,115,0,0,796,0
8.85,95,1,4,1968,1
7.83,102,1,7,1807,0
6.51,106,0,2,1393,0
7.31,94,1,5,1447,1
7.12,130,0,3,1606,0
7.98,102,1,3,1688,1
9.0,101,1,4,1285,1
6.23,95,1,2,1433,0
8.84,80,0,4,1485,1
6.76,143,0,3,855,1
9.58,109,0,5,1563,1
6.65,109,1,7,1362,0
8.78,106,0,6,1448,1
8.18,113,0,3,1661,1
7.43,107,0,6,1492,0
6.82,107,0,3,1431,0
6.9,116,1,4,1582,1
9.11,102,1,7,2289,1
6.43,125,0,3,1083,0
5,129,0,3,741,0
7.66,98,0,4,1024,0
6.27,135,1,3,1413,0
6.57,119,0,3,1239,0
8.74,144,0,5,1675,1
7.3,121,1,4,1361,0
7.04,95,0,2,1425,1
6.28,80,0,6,1330,0
8.87,110,1,6,1476,1
8.77,105,1,5,1642,1
6.73,114,0,2,1580,1
5,112,1,4,1142,0
8.11,111,1,4,1577,1
5.99,128,0,1,835,0
6.5,128,1,3,1291,0
6.87,120,0,4,1278,1
6.8,129,0,2,1258,1
7.55,128,1,6,1376,0
6.1,106,0,2,1361,0
8.32,80,0,5,1800,1
7.69,118,0,3,1664,1
8.27,111,0,5,1482,1
7.99,103,0,4,1227,0
7.91,103,1,3,1638,1
6.94,108,0,6,1795,1
6.31,98,0,2,599,0
7.47,110,0,3,1059,1
7.14,101,0,3,1069,0
8.33,102,0,4,1914,1
7.44,107,0,3,1086,0
7.97,107,0,3,1633,0
9.23,99,1,3,2017,1
7.91,111,0,3,1485,1
6.95,101,1,4,1592,0
7.59,116,0,1,1754,0
7.41,95,0,2,1186,1
7.86,110,1,3,1761,1
6.2,80,1,3,1413,1
7.83,101,1,3,1517,1
8.04,87,1,3,1664,0
6.94,80,0,1,1245,0
7.75,112,0,6,1440,1
9.07,109,0,4,1328,1
5.15,115,0,3,935,0
5.64,80,0,2,971,1
7.91,100,0,5,1194,1
7.94,116,1,4,1404,1
8.21,91,1,5,2037,1
9.03,124,0,5,1377,1
7.01,97,0,3,1110,0
6.52,115,0,3,1096,1
7.72,112,0,2,1007,0
6.55,107,0,4,1279,0
6.89,111,0,2,1377,0
6.13,142,1,3,1390,1
8.24,117,1,5,1715,1
7.8,107,0,4,1599,1
8.86,118,0,4,1769,1
7.88,118,0,2,1254,1
5,122,0,4,935,0
9.65,92,1,6,1605,1
7.23,109,0,2,1245,1
5.14,100,0,7,1157,1
6.92,110,1,4,1320,1
9.14,135,0,2,1792,1
7.63,106,0,3,1834,1
6.85,95,0,1,882,0
6.81,110,1,3,996,1
6.92,92,0,2,1092,0
7.42,120,1,6,969,0
7.53,101,1,6,1173,0
7.28,86,0,4,953,1
6.15,101,0,3,1210,1
7.09,121,1,4,1438,1
6.76,105,1,3,1537,1
7.55,102,1,6,1807,1
8.92,104,0,3,1666,1
8.72,89,1,5,2034,0
6.76,117,0,1,761,0
6.28,105,0,2,1083,0
8.23,82,0,5,1723,1
7.72,108,1,4,1445,1
8.75,98,1,6,2337,1
8.02,99,0,6,1066,1
8.77,115,0,5,2151,1
6.99,104,1,2,1610,0
6.47,112,0,2,913,0
6.6,80,0,3,1099,0
7.84,111,1,8,2010,1
7.43,107,0,3,1425,1
6.92,80,1,3,1174,1
7.49,110,0,3,1009,1
8.3,119,1,6,1765,1
7.02,85,0,3,1538,0
8.15,128,0,3,1484,1
7.05,109,0,4,1298,0
6.92,122,0,5,1631,0
6.44,103,1,6,1629,1
7.0,105,0,4,1160,1
7.01,93,0,5,1556,1
7.3,99,0,3,929,1
8.52,101,0,4,1896,1
8.38,104,1,6,1770,1
6.59,128,0,4,1111,0
5.82,113,0,6,1069,0
7.02,97,0,2,1064,0
6.62,96,1,3,763,0
6.62,91,1,2,1156,0
7.03,115,0,2,1455,1
8.35,117,1,4,1727,1
7.96,97,0,2,1599,0
6.28,95,0,0,805,0
7.58,108,0,3,1415,0
5.67,110,0,3,1147,0
6.83,102,0,4,983,1
9.84,129,0,5,1469,1
6.35,97,0,4,1153,1
7.7,99,0,3,1226,0
5.96,108,1,1,1248,0
5.29,118,0,2,1111,0
7.66,110,1,6,1492,1
7.05,111,0,2,1154,0
8.29,112,1,3,1658,1
6.58,111,0,3,1359,1
6.22,105,0,3,1303,0
8.99,117,1,5,1784,0
7.92,102,0,0,1458,0
8.05,132,0,2,1068,1
8.93,119,0,3,1624,0
7.66,119,0,3,1311,1
6.88,126,1,3,1702,1
5.64,119,0,3,1007,0
7.3,80,0,4,1066,1
7.53,97,0,5,1564,1
5.72,115,0,6,1307,1
7.72,113,1,3,1200,0
8.77,102,1,4,1374,1
9.56,101,1,6,2027,1
7.88,124,0,1,1027,0
8.1,110,1,3,1639,1
7.17,109,0,3,1393,1
7.16,86,0,3,1760,1
7.84,115,0,5,1203,1
7.91,105,0,6,1532,1
8.54,101,1,3,1723,1
7.27,99,1,4,1536,1
6.16,111,0,1,1132,0
7.51,104,0,3,1716,1
9.41,90,0,5,1952,1
9.29,105,1,6,2149,1
7.35,107,1,2,1406,1
5.58,138,0,5,876,1
7.27,95,0,3,1317,0
6.65,105,0,5,952,0
6.79,96,0,2,1385,1
8.69,103,1,8,1811,0
5,101,0,1,861,0
8.64,102,1,4,1563,1
9.41,106,1,6,2094,1
7.76,101,0,3,1728,1
6.87,128,0,3,1865,1
8.14,99,1,3,2005,1
7.54,116,0,1,958,0
5.42,106,1,3,1125,0
7.8,101,1,4,1511,1
8.29,91,1,3,1757,1
7.66,94,0,2,1219,0
7.82,122,0,2,1246,1
6.83,119,0,1,1686,0
8.05,119,0,4,1303,1
7.05,125,0,2,1090,1
6.66,83,0,5,975,1
8.63,107,1,4,2099,1
7.4,92,0,4,1913,1
6.58,107,0,0,1121,0
5.58,104,0,3,937,0
10,108,1,7,2043,1
6.69,111,0,2,1052,0
7.45,107,0,0,669,0
7.0,80,0,5,1607,0
7.92,91,1,0,1281,1
6.23,105,0,1,885,0
8.12,98,0,3,1511,1
7.78,128,0,5,1656,1
9.57,114,0,1,1798,0
7.96,119,0,2,1293,1
7.07,143,1,4,1282,0
7.03,117,0,5,1452,0
6.09,106,0,0,500,0
9.41,96,0,6,1425,0
8.25,99,1,5,2064,1
7.32,128,1,8,2236,1
7.03,134,1,5,1254,1
7.43,110,0,4,1586,1
6.89,90,1,2,1850,0
7.17,108,0,2,1036,1
7.59,103,0,4,1528,0
8.21,100,0,5,1725,1
6.74,112,1,0,1090,1
7.85,122,0,2,1310,1
8.88,113,0,5,1462,0
8.75,91,1,7,2138,1
6.28,99,1,4,1157,0
7.7,116,0,5,874,1
8.3,108,1,7,1675,1
6.96,90,1,5,1267,0
6.63,103,0,3,1340,0
8.32,114,0,3,1559,0
6.59,94,0,4,792,0
7.86,109,0,5,1547,0
6.59,104,0,4,1028,1
8.46,92,1,6,1487,1
7.38,108,1,5,1887,0
7.02,110,0,1,1574,0
7.6,89,0,7,1701,1
8.62,97,0,5,1837,0
8.44,122,0,4,2066,1
7.44,100,0,1,1147,1
7.6,112,0,2,1177,0
6.85,111,0,0,950,0
6.74,112,0,3,1083,1
7.76,99,0,3,1717,1
6.79,125,0,3,964,0
5.21,107,0,2,500,0
6.9,107,0,0,1609,0
8.84,87,1,6,1569,1
8.33,109,0,4,1621,1
8.11,102,1,5,1701,1
6.17,94,0,1,1016,0
7.25,145,0,3,1316,1
8.43,123,0,4,1043,0
8.9,97,0,1,1302,1
7.38,93,0,3,1453,1
7.41,121,0,4,1654,1
5.51,109,0,4,1217,0
7.74,125,1,6,1891,1
6.29,102,0,2,1116,1
6.98,131,0,3,1473,1
7.89,100,1,6,1373,1
7.6,145,0,4,1352,0
6.7,103,1,4,1630,1
7.48,123,0,3,1542,1
6.66,134,1,5,1282,1
9.4,115,0,8,2057,1
6.08,96,0,2,1110,1
7.7,94,0,5,1378,0
7.93,111,0,3,1453,1
7.51,110,0,5,1772,1
8.22,115,1,5,1128,1
8.66,94,0,2,956,1
7.99,123,0,6,1892,1
7.92,118,0,1,1646,0
8.34,128,0,4,1674,1
6.98,102,0,3,1168,0
9.03,80,1,5,1864,1
6.44,111,0,1,1199,0
9.46,88,0,5,2166,0
8.02,103,1,5,1896,1
6.58,110,0,3,1828,1
7.7,106,0,2,1265,0
8.64,110,0,3,1874,0
7.51,89,1,3,1528,0
7.04,133,0,4,2032,1
8.81,98,1,5,1934,1
7.3,93,1,6,1273,1
8.09,114,0,4,1662,1
6.82,93,0,1,1159,1
6.88,99,0,2,979,0
6.73,113,0,4,1014,1
7.32,106,0,0,1235,1
8.48,124,0,4,1879,1
7.53,91,0,0,953,0
6.1,83,1,4,1346,1
8.32,98,1,7,2050,0
9.14,116,1,6,1689,1
5.93,131,0,0,544,0
5.96,103,1,4,1577,0
6.49,111,1,2,996,1
6.51,105,0,3,939,1
7.8,116,1,6,1599,1
6.58,80,1,5,1569,1
6.4,110,0,2,1414,0
7.99,126,1,3,1027,0
5.88,109,1,4,1038,0
7.78,104,1,4,1334,0
7.41,125,0,2,1007,0
6.65,92,0,3,1229,0
7.77,103,1,5,1423,1
6.64,120,0,2,1333,0
8.04,110,0,5,1655,1
5.26,120,0,1,759,0
6.96,117,0,2,1408,1
7.49,98,1,5,1396,1
7.69,105,0,3,1552,0
8.0,122,0,3,1589,0
7.22,101,0,2,1109,1
6.1,109,0,1,1224,1
7.91,107,0,5,1416,1
7.76,105,0,3,1426,0
7.82,95,0,2,1916,1
6.54,128,0,2,1017,1
8.09,111,0,0,1441,1
8.33,132,0,3,1547,0
7.48,122,0,3,987,1
6.37,105,0,0,1295,0
8.3,98,1,6,1858,1
6.68,96,0,2,1101,0
8.68,105,0,5,2071,1
9.23,106,0,6,1763,1
7.63,103,0,4,1673,1
6.24,114,0,6,1143,1
8.42,115,0,4,1975,1
8.47,106,0,2,1091,0
7.37,85,0,6,1830,0
9.39,96,1,8,2372,1
8.6,94,1,3,1277,0
6.08,100,0,4,899,0
6.93,101,0,1,1274,0
9.54,82,0,6,1352,1
7.06,100,1,6,876,1
6.62,106,0,3,1074,0
7.99,117,0,4,1407,0
8.45,111,1,2,1181,1
6.5,83,0,5,1155,0
8.35,98,1,3,1605,1
7.33,114,0,3,1437,0
7.63,106,0,5,1450,0
7.44,100,0,3,1353,0
7.64,124,0,2,1117,1
7.55,116,1,3,954,1
6.59,126,0,3,1509,0
6.63,105,0,4,1373,0
8.07,98,1,5,1595,1
7.81,114,1,4,2021,1
8.16,114,1,2,1090,1
5.94,93,0,1,1206,0
9.4,112,0,3,1586,1
8.82,122,0,3,1909,1
6.94,98,0,3,833,0
8.16,86,1,3,1862,1
5.85,105,0,4,1560,0
6.12,91,1,3,1135,1
6.0,93,0,5,1463,1
6.73,93,1,5,1431,0
6.35,110,0,1,1554,1
6.78,123,0,2,669,0
6.91,96,0,3,1288,0
7.23,124,0,2,1497,1
7.93,86,1,6,1534,0
8.62,107,1,4,1577,1
8.6,84,1,7,1811,0
6.12,88,0,2,851,0
8.7,101,0,7,1675,1
6.11,121,1,4,990,1
8.16,111,0,2,1002,0
6.34,102,1,6,1504,1
8.37,112,1,4,1645,1
7.24,135,0,5,1393,0
8.25,91,1,5,1674,1
7.91,130,0,5,1505,1
10,80,0,6,2034,1
7.44,110,1,2,1452,1
8.75,101,1,2,1301,1
6.79,93,1,3,1547,1
8.15,115,0,4,1926,1
6.51,121,0,3,1039,0
6.14,99,0,4,1228,0
7.23,102,0,5,1409,0
8.61,113,0,0,1190,1
7.61,87,1,5,1421,1
6.45,81,1,4,931,0
6.5,108,0,2,1603,1
5.93,80,1,5,1500,1
5.55,125,1,4,1258,0
5.82,108,0,2,982,0
8.68,89,0,4,1224,0
9.96,133,0,5,1415,1
7.56,107,0,2,1646,1
5.62,105,0,2,791,1
6.54,80,0,0,1180,0
5.46,103,0,1,688,0
8.6,105,1,3,1862,1
5.84,109,0,1,827,1
6.98,112,0,4,902,1
9.78,108,1,7,2057,1
6.83,114,1,6,1085,1
8.21,119,0,3,1783,1
6.47,92,1,5,741,0
9.28,123,1,8,2310,1
5.46,110,1,5,1525,1
8.48,113,0,0,1123,1
7.07,110,0,1,1491,0
6.4,80,0,3,1081,0
7.45,91,1,4,1879,1
6.61,103,1,5,1710,1
5.19,107,0,3,766,0
6.32,112,0,4,691,1
7.17,112,0,3,1390,1
8.66,109,0,2,983,1
7.51,129,1,5,1881,0
6.32,129,0,2,1138,0
9.05,91,1,6,2012,1
8.14,126,0,3,1256,1
8.99,92,0,3,1191,0
6.55,123,0,1,792,0
7.06,92,0,3,1524,0
6.93,102,0,4,1195,0
8.07,114,0,6,1588,1
7.75,83,1,6,1237,1
7.08,122,1,5,1575,1
8.27,104,0,4,1453,1
7.83,90,0,3,1593,0
5.07,106,0,2,1016,0
6.32,99,0,1,1237,1
8.91,92,0,3,1423,1
6.79,93,0,3,1119,0
7.69,80,1,5,1503,1
8.14,130,1,3,1718,1
5.86,106,0,4,1122,1
6.22,133,0,4,1149,0
8.02,87,0,5,1289,0
6.55,111,0,3,812,0
8.29,93,1,6,1782,1
7.57,113,0,4,1179,1
6.89,105,0,4,1271,1
8.0,118,0,3,1287,1
6.97,99,1,5,1376,1
8.16,97,0,5,1395,1
6.68,139,0,1,1339,0
7.55,121,0,3,1639,1
8.1,108,0,3,1249,1
5.98,114,0,2,876,0
6.89,114,0,3,1187,1
7.58,111,0,2,907,0
7.64,121,0,3,1463,1
7.36,107,0,4,1688,0
6.99,116,0,3,1178,0
5.61,113,0,3,637,0
7.5,123,0,3,1122,1
6.45,127,0,4,1468,1
5.49,116,0,0,764,0
7.52,118,0,6,1755,1
8.4,119,1,6,1749,1
6.79,100,1,2,888,0
6.69,109,0,3,923,0
7.49,106,0,2,1398,0
8.25,115,1,6,1792,0
6.81,103,0,4,1557,0
6.23,127,0,1,1095,0
7.52,136,0,1,1683,0
7.87,112,1,2,1272,0
7.42,114,1,2,1330,1
6.62,97,0,1,777,1
8.83,118,1,6,2163,1
7.71,82,0,5,1533,1
7.29,80,0,3,1647,1
6.49,87,0,3,1737,1
7.96,115,0,2,1585,0
7.51,91,0,4,1647,1
7.26,101,0,0,1020,0
8.94,100,1,7,1564,1
5.87,110,0,3,742,0
9.98,107,0,4,1989,1
6.56,111,0,0,783,0
7.71,103,0,2,1385,0
7.2,96,1,5,1848,0
7.86,83,0,3,1120,0
7.58,113,0,4,1883,0
6.89,107,0,3,1833,0
5.52,115,0,3,1220,1
7.06,124,1,5,1345,1
7.78,99,0,1,1821,0
9.67,110,1,5,1528,1
6.85,103,1,3,1210,0
7.11,80,0,2,1310,0
8.72,115,1,6,1509,1
7.54,145,0,4,1628,1
7.99,116,0,3,1261,1
7.24,96,0,2,1217,0
9.76,94,0,3,1679,1
7.88,106,0,5,1637,1
7.84,117,1,6,1674,1
6.93,134,1,5,1414,0
6.43,99,0,3,1149,0
7.93,112,1,5,1811,1
7.87,108,0,2,1377,1
6.32,111,1,2,1421,0
6.97,83,0,3,1302,0
7.87,122,1,4,1882,1
7.55,121,0,1,1321,1
7.95,110,0,4,1520,0
6.67,108,1,5,1241,1
7.61,82,0,5,1367,1
8.7,116,1,6,1591,1
6.96,95,0,2,1331,0
8.67,111,1,7,2101,1
6.34,123,0,5,1299,1
7.99,106,1,5,1905,1
6.83,112,0,5,1832,1
8.26,119,1,4,1842,1
7.19,94,0,2,717,1
8.22,106,0,4,1394,1
7.23,121,0,6,1620,1
6.91,117,0,2,1172,1
6.83,97,0,2,1330,0
7.45,107,0,2,1097,0
8.65,101,0,2,1225,1
7.37,90,1,4,1284,0
6.89,116,0,1,1690,0
5.21,134,1,3,1089,1
8.77,106,0,5,1794,1
7.07,110,0,5,1450,0
6.67,119,0,5,1123,1
7.84,89,0,3,1369,0
6.2,133,0,2,1166,0
6.11,119,0,3,1411,1
7.44,128,0,3,1440,1
7.41,101,0,4,1482,0
8.16,117,0,4,1666,1
8.59,80,1,6,1485,1
7.6,107,0,4,1188,1
6.64,129,1,5,1197,1
7.41,118,1,1,1123,0
5.75,110,0,1,1177,1
6.93,103,0,3,1435,1
8.63,99,0,3,1942,1
7.97,86,0,2,1144,0
7.01,127,0,3,1212,1
7.96,98,0,3,1560,1
7.0,108,0,3,1406,1
7.51,96,0,4,1707,1
6.72,101,0,1,1152,0
7.89,96,1,5,1601,1
6.64,90,0,0,1097,1
5.85,112,1,4,969,0
8.0,94,0,2,1609,0
5.75,104,0,2,915,1
5.93,113,0,3,1279,0
8.64,100,1,7,1962,1
9.13,126,0,3,2073,1
7.45,102,1,4,1684,1
7.18,107,1,3,1377,1
8.84,112,0,5,1735,1
6.93,141,0,4,1239,1
7.0,89,1,4,1106,1
5.46,94,0,5,1114,0
6.28,117,1,3,1534,1
5,109,0,2,1056,0
7.36,112,1,3,1170,0
7.34,100,0,5,1590,0
7.13,102,0,4,1198,1
7.63,110,0,5,1831,1
5.54,126,1,7,949,0
7.66,97,0,4,1046,1
8.95,93,0,5,1899,1
8.31,87,0,4,1864,1
7.83,103,0,2,1293,1
6.38,106,0,2,1345,1
8.36,104,1,5,1482,1
7.53,110,0,4,1449,1
6.46,97,0,3,1624,1
7.4,98,0,1,1335,0
8.15,118,0,5,1793,0
8.99,125,0,5,1298,1
8.26,120,0,3,1193,1
5.35,120,0,3,784,0
7.24,108,0,4,699,0
8.95,121,0,6,1516,1
7.37,111,0,0,1061,0
7.16,98,0,1,1134,0
7.69,113,0,2,945,1
6.81,91,0,4,1367,0
6.33,90,0,3,1043,1
7.58,80,1,4,1459,0
9.16,88,0,3,1549,1
5.75,97,0,3,1010,0
8.03,84,0,4,1809,1
6.89,105,1,5,1266,0
8.11,102,0,6,1264,1
8.13,109,1,5,1717,1
7.89,99,1,1,1656,1
7.92,107,1,6,1970,1
7.71,136,0,3,1869,1
8.15,123,0,4,1345,1
7.09,115,1,5,1208,1
7.79,119,0,2,1270,1
7.28,102,0,2,902,0
7.47,105,0,0,1294,0
6.77,108,1,5,1258,0
6.79,96,0,1,1240,0
7.52,110,0,3,1458,1
6.15,110,0,1,1270,0
7.18,109,0,2,1069,0
6.95,124,0,4,835,0
6.2,111,0,5,1390,1
8.89,115,1,8,2241,1
7.47,101,0,3,1366,0
9.14,126,0,7,1679,1
10,119,1,6,2053,1
5.34,121,1,6,1554,0
8.71,89,1,5,1577,1
5.64,108,0,1,1133,0
7.94,128,0,4,1568,1
5.92,95,0,3,878,0
8.09,102,1,1,1328,1
6.3,120,0,1,934,0
6.3,103,0,4,679,0
7.01,85,0,5,1328,0
7.52,130,0,3,1314,0
7.02,89,0,5,1280,1
5,121,0,4,841,0
8.46,123,1,5,1117,1
7.24,125,1,3,1531,0
7.24,123,0,1,1110,0
7.57,121,0,4,1768,1
6.41,96,1,3,1239,0
7.24,98,1,5,1658,1
7.0,102,0,2,967,1
6.73,97,0,3,1093,0
6.79,108,0,3,689,1
8.04,108,1,5,1412,1
8.03,111,0,2,1440,1
7.38,120,1,2,1469,0
7.98,107,0,2,1019,1
6.22,119,0,3,976,0
7.37,110,0,3,1128,0
6.95,105,0,3,968,0
7.2,113,1,3,1654,0
7.39,113,0,2,1020,1
7.58,120,0,3,1666,1
9.04,103,1,8,1835,1
5.89,89,0,2,887,0
8.26,115,1,3,2094,1
8.01,112,0,5,1754,1
6.46,90,1,4,1381,0
8.17,109,0,3,1503,1
7.7,101,1,4,1643,1
7.75,132,1,6,1336,1
6.12,139,0,3,1197,1
8.06,85,0,2,1172,1
7.01,127,0,2,1116,0
8.16,94,0,6,1394,1
7.84,107,1,6,1879,1
7.73,109,1,3,1494,1
6.44,100,1,3,1239,1
6.79,92,0,4,1322,1
8.65,88,0,5,1521,1
6.16,85,0,5,1171,0
6.95,84,0,3,1096,0
6.7,106,0,2,1006,1
6.82,125,1,3,1565,0
7.02,96,0,5,1999,0
6.15,120,1,3,1094,0
7.83,116,1,5,1588,1
6.16,98,0,3,832,0
6.84,100,0,2,1083,0
7.36,96,0,2,1722,1
5.78,121,0,3,759,0
9.44,89,0,3,2201,1
7.35,98,0,3,1566,1
6.51,111,0,1,822,0
9.6,113,1,7,1771,1
9.24,111,0,4,1772,1
6.3,122,1,3,1077,1
6.88,106,1,6,1512,1
8.12,107,0,2,848,1
7.93,118,0,1,1714,1
8.02,116,0,5,1523,1
7.64,97,1,4,1816,0
6.62,123,0,3,1383,1
7.31,89,0,3,1126,0
6.5,108,0,3,808,0
8.15,119,0,5,1343,0
8.45,115,1,5,1335,0
5.33,122,0,3,925,1
6.79,111,0,4,1118,0
7.5,100,1,4,1127,1
7.2,135,0,2,1055,0
7.09,117,0,3,1691,1
6.5,124,1,5,1081,0
7.48,108,0,5,1360,1
6.76,80,0,0,716,0
8.23,108,0,2,1296,1
6.33,115,0,3,998,0
9.39,101,0,4,1970,1
8.34,112,0,3,1637,1
6.6,104,0,1,1143,0
10,106,0,6,1690,1
6.61,105,0,1,1327,0
6.42,109,0,3,1424,1
8.41,141,0,6,1510,1
6.63,108,1,2,875,0
7.48,93,0,3,1055,0
6.13,111,0,4,890,0
5.92,105,0,4,904,1
9.21,119,1,8,2232,0
5.03,107,0,2,817,0
6.83,105,0,0,1306,1
7.08,109,0,3,1912,1
7.38,122,0,3,1335,0
5.93,131,1,5,1318,1
7.0,133,0,1,1179,0
6.47,111,0,0,1307,0
7.52,140,0,7,1463,0
6.01,90,0,3,1219,0
8.38,97,0,2,1855,1
5.69,91,0,1,500,0
8.45,84,1,6,1694,1
8.86,103,0,3,1819,0
8.38,108,0,4,1322,1
9.27,100,0,6,2196,0
6.86,115,0,3,1195,1
6.58,98,0,2,1086,0
7.77,135,0,4,1608,0
6.63,86,0,2,645,0
7.14,95,0,2,1263,0
8.34,105,1,8,1840,1
7.51,106,0,2,1616,1
7.01,93,0,2,848,1
8.08,104,1,5,1581,1
7.33,113,0,2,1080,0
6.38,121,0,0,1057,0
6.7,107,0,3,1146,1
8.64,95,1,5,2062,1
7.54,91,0,3,1106,0
6.1,101,0,3,1204,1
6.08,107,1,3,1117,0
8.72,106,0,4,1752,0
9.44,90,1,7,1964,1
7.78,98,0,2,1399,0
8.09,84,0,2,1299,1
